rgg_n_2_15_s0.graph,32768,Largest Degree First standard,2,1,0.017,13
rgg_n_2_15_s0.graph,32768,Smallest Degree Last (sequential weighing),2,1,0.02,13
rgg_n_2_15_s0.graph,32768,Jones - Plassman standard(with threadpool),2,1,0.013,14
rgg_n_2_15_s0.graph,32768,Largest Degree First standard,2,5,0.012,14
rgg_n_2_15_s0.graph,32768,Smallest Degree Last (sequential weighing),2,5,0.02,13
rgg_n_2_15_s0.graph,32768,Jones - Plassman standard(with threadpool),2,5,0.013,15
rgg_n_2_15_s0.graph,32768,Largest Degree First standard,2,10,0.012,13
rgg_n_2_15_s0.graph,32768,Smallest Degree Last (sequential weighing),2,10,0.017,13
rgg_n_2_15_s0.graph,32768,Jones - Plassman standard(with threadpool),2,10,0.01,15
rgg_n_2_15_s0.graph,32768,Largest Degree First standard,2,100,0.016,13
rgg_n_2_15_s0.graph,32768,Smallest Degree Last (sequential weighing),2,100,0.02,13
rgg_n_2_15_s0.graph,32768,Jones - Plassman standard(with threadpool),2,100,0.014,14
rgg_n_2_15_s0.graph,32768,Largest Degree First standard,3,1,0.009,13
rgg_n_2_15_s0.graph,32768,Smallest Degree Last (sequential weighing),3,1,0.016,13
rgg_n_2_15_s0.graph,32768,Jones - Plassman standard(with threadpool),3,1,0.008,15
rgg_n_2_15_s0.graph,32768,Largest Degree First standard,3,5,0.011,13
rgg_n_2_15_s0.graph,32768,Smallest Degree Last (sequential weighing),3,5,0.021,13
rgg_n_2_15_s0.graph,32768,Jones - Plassman standard(with threadpool),3,5,0.012,14
rgg_n_2_15_s0.graph,32768,Largest Degree First standard,3,10,0.01,13
rgg_n_2_15_s0.graph,32768,Smallest Degree Last (sequential weighing),3,10,0.016,13
rgg_n_2_15_s0.graph,32768,Jones - Plassman standard(with threadpool),3,10,0.008,15
rgg_n_2_15_s0.graph,32768,Largest Degree First standard,3,100,0.015,14
rgg_n_2_15_s0.graph,32768,Smallest Degree Last (sequential weighing),3,100,0.02,13
rgg_n_2_15_s0.graph,32768,Jones - Plassman standard(with threadpool),3,100,0.013,14
rgg_n_2_15_s0.graph,32768,Largest Degree First standard,5,1,0.008,13
rgg_n_2_15_s0.graph,32768,Smallest Degree Last (sequential weighing),5,1,0.015,13
rgg_n_2_15_s0.graph,32768,Jones - Plassman standard(with threadpool),5,1,0.008,14
rgg_n_2_15_s0.graph,32768,Largest Degree First standard,5,5,0.01,13
rgg_n_2_15_s0.graph,32768,Smallest Degree Last (sequential weighing),5,5,0.019,14
rgg_n_2_15_s0.graph,32768,Jones - Plassman standard(with threadpool),5,5,0.01,14
rgg_n_2_15_s0.graph,32768,Largest Degree First standard,5,10,0.011,13
rgg_n_2_15_s0.graph,32768,Smallest Degree Last (sequential weighing),5,10,0.025,13
rgg_n_2_15_s0.graph,32768,Jones - Plassman standard(with threadpool),5,10,0.012,14
rgg_n_2_15_s0.graph,32768,Largest Degree First standard,5,100,0.024,14
rgg_n_2_15_s0.graph,32768,Smallest Degree Last (sequential weighing),5,100,0.03,13
rgg_n_2_15_s0.graph,32768,Jones - Plassman standard(with threadpool),5,100,0.022,15
rgg_n_2_15_s0.graph,32768,Largest Degree First standard,6,1,0.009,13
rgg_n_2_15_s0.graph,32768,Smallest Degree Last (sequential weighing),6,1,0.021,13
rgg_n_2_15_s0.graph,32768,Jones - Plassman standard(with threadpool),6,1,0.009,14
rgg_n_2_15_s0.graph,32768,Largest Degree First standard,6,5,0.012,13
rgg_n_2_15_s0.graph,32768,Smallest Degree Last (sequential weighing),6,5,0.019,13
rgg_n_2_15_s0.graph,32768,Jones - Plassman standard(with threadpool),6,5,0.009,14
rgg_n_2_15_s0.graph,32768,Largest Degree First standard,6,10,0.012,14
rgg_n_2_15_s0.graph,32768,Smallest Degree Last (sequential weighing),6,10,0.021,13
rgg_n_2_15_s0.graph,32768,Jones - Plassman standard(with threadpool),6,10,0.011,15
rgg_n_2_15_s0.graph,32768,Largest Degree First standard,6,100,0.028,13
rgg_n_2_15_s0.graph,32768,Smallest Degree Last (sequential weighing),6,100,0.031,13
rgg_n_2_15_s0.graph,32768,Jones - Plassman standard(with threadpool),6,100,0.028,14
rgg_n_2_15_s0.graph,32768,Largest Degree First standard,7,1,0.01,13
rgg_n_2_15_s0.graph,32768,Smallest Degree Last (sequential weighing),7,1,0.023,13
rgg_n_2_15_s0.graph,32768,Jones - Plassman standard(with threadpool),7,1,0.009,15
rgg_n_2_15_s0.graph,32768,Largest Degree First standard,7,5,0.01,13
rgg_n_2_15_s0.graph,32768,Smallest Degree Last (sequential weighing),7,5,0.017,13
rgg_n_2_15_s0.graph,32768,Jones - Plassman standard(with threadpool),7,5,0.009,14
rgg_n_2_15_s0.graph,32768,Largest Degree First standard,7,10,0.01,13
rgg_n_2_15_s0.graph,32768,Smallest Degree Last (sequential weighing),7,10,0.017,13
rgg_n_2_15_s0.graph,32768,Jones - Plassman standard(with threadpool),7,10,0.01,14
rgg_n_2_15_s0.graph,32768,Largest Degree First standard,7,100,0.034,14
rgg_n_2_15_s0.graph,32768,Smallest Degree Last (sequential weighing),7,100,0.029,14
rgg_n_2_15_s0.graph,32768,Jones - Plassman standard(with threadpool),7,100,0.028,14
rgg_n_2_15_s0.graph,32768,Largest Degree First standard,8,1,0.007,13
rgg_n_2_15_s0.graph,32768,Smallest Degree Last (sequential weighing),8,1,0.015,13
rgg_n_2_15_s0.graph,32768,Jones - Plassman standard(with threadpool),8,1,0.007,15
rgg_n_2_15_s0.graph,32768,Largest Degree First standard,8,5,0.008,14
rgg_n_2_15_s0.graph,32768,Smallest Degree Last (sequential weighing),8,5,0.016,13
rgg_n_2_15_s0.graph,32768,Jones - Plassman standard(with threadpool),8,5,0.008,14
rgg_n_2_15_s0.graph,32768,Largest Degree First standard,8,10,0.011,13
rgg_n_2_15_s0.graph,32768,Smallest Degree Last (sequential weighing),8,10,0.016,14
rgg_n_2_15_s0.graph,32768,Jones - Plassman standard(with threadpool),8,10,0.012,14
rgg_n_2_15_s0.graph,32768,Largest Degree First standard,8,100,0.047,13
rgg_n_2_15_s0.graph,32768,Smallest Degree Last (sequential weighing),8,100,0.032,14
rgg_n_2_15_s0.graph,32768,Jones - Plassman standard(with threadpool),8,100,0.035,15
rgg_n_2_15_s0.graph,32768,Largest Degree First standard,12,1,0.009,13
rgg_n_2_15_s0.graph,32768,Smallest Degree Last (sequential weighing),12,1,0.017,13
rgg_n_2_15_s0.graph,32768,Jones - Plassman standard(with threadpool),12,1,0.009,14
rgg_n_2_15_s0.graph,32768,Largest Degree First standard,12,5,0.011,13
rgg_n_2_15_s0.graph,32768,Smallest Degree Last (sequential weighing),12,5,0.02,13
rgg_n_2_15_s0.graph,32768,Jones - Plassman standard(with threadpool),12,5,0.01,14
rgg_n_2_15_s0.graph,32768,Largest Degree First standard,12,10,0.013,13
rgg_n_2_15_s0.graph,32768,Smallest Degree Last (sequential weighing),12,10,0.019,13
rgg_n_2_15_s0.graph,32768,Jones - Plassman standard(with threadpool),12,10,0.012,14
rgg_n_2_15_s0.graph,32768,Largest Degree First standard,12,100,0.073,13
rgg_n_2_15_s0.graph,32768,Smallest Degree Last (sequential weighing),12,100,0.043,13
rgg_n_2_15_s0.graph,32768,Jones - Plassman standard(with threadpool),12,100,0.069,15
rgg_n_2_15_s0.graph,32768,Largest Degree First standard,20,1,0.011,13
rgg_n_2_15_s0.graph,32768,Smallest Degree Last (sequential weighing),20,1,0.017,13
rgg_n_2_15_s0.graph,32768,Jones - Plassman standard(with threadpool),20,1,0.009,15
rgg_n_2_15_s0.graph,32768,Largest Degree First standard,20,5,0.013,14
rgg_n_2_15_s0.graph,32768,Smallest Degree Last (sequential weighing),20,5,0.02,14
rgg_n_2_15_s0.graph,32768,Jones - Plassman standard(with threadpool),20,5,0.012,14
rgg_n_2_15_s0.graph,32768,Largest Degree First standard,20,10,0.018,13
rgg_n_2_15_s0.graph,32768,Smallest Degree Last (sequential weighing),20,10,0.023,13
rgg_n_2_15_s0.graph,32768,Jones - Plassman standard(with threadpool),20,10,0.018,14
rgg_n_2_15_s0.graph,32768,Largest Degree First standard,20,100,0.115,14
rgg_n_2_15_s0.graph,32768,Smallest Degree Last (sequential weighing),20,100,0.082,14
rgg_n_2_15_s0.graph,32768,Jones - Plassman standard(with threadpool),20,100,0.11,15
rgg_n_2_16_s0.graph,65536,Largest Degree First standard,2,1,0.037,15
rgg_n_2_16_s0.graph,65536,Smallest Degree Last (sequential weighing),2,1,0.047,15
rgg_n_2_16_s0.graph,65536,Jones - Plassman standard(with threadpool),2,1,0.033,16
rgg_n_2_16_s0.graph,65536,Largest Degree First standard,2,5,0.042,15
rgg_n_2_16_s0.graph,65536,Smallest Degree Last (sequential weighing),2,5,0.059,14
rgg_n_2_16_s0.graph,65536,Jones - Plassman standard(with threadpool),2,5,0.034,17
rgg_n_2_16_s0.graph,65536,Largest Degree First standard,2,10,0.035,15
rgg_n_2_16_s0.graph,65536,Smallest Degree Last (sequential weighing),2,10,0.044,15
rgg_n_2_16_s0.graph,65536,Jones - Plassman standard(with threadpool),2,10,0.027,16
rgg_n_2_16_s0.graph,65536,Largest Degree First standard,2,100,0.041,15
rgg_n_2_16_s0.graph,65536,Smallest Degree Last (sequential weighing),2,100,0.049,15
rgg_n_2_16_s0.graph,65536,Jones - Plassman standard(with threadpool),2,100,0.033,17
rgg_n_2_16_s0.graph,65536,Largest Degree First standard,3,1,0.027,15
rgg_n_2_16_s0.graph,65536,Smallest Degree Last (sequential weighing),3,1,0.045,15
rgg_n_2_16_s0.graph,65536,Jones - Plassman standard(with threadpool),3,1,0.024,17
rgg_n_2_16_s0.graph,65536,Largest Degree First standard,3,5,0.029,16
rgg_n_2_16_s0.graph,65536,Smallest Degree Last (sequential weighing),3,5,0.045,15
rgg_n_2_16_s0.graph,65536,Jones - Plassman standard(with threadpool),3,5,0.024,16
rgg_n_2_16_s0.graph,65536,Largest Degree First standard,3,10,0.025,15
rgg_n_2_16_s0.graph,65536,Smallest Degree Last (sequential weighing),3,10,0.04,15
rgg_n_2_16_s0.graph,65536,Jones - Plassman standard(with threadpool),3,10,0.022,15
rgg_n_2_16_s0.graph,65536,Largest Degree First standard,3,100,0.032,14
rgg_n_2_16_s0.graph,65536,Smallest Degree Last (sequential weighing),3,100,0.041,14
rgg_n_2_16_s0.graph,65536,Jones - Plassman standard(with threadpool),3,100,0.031,17
rgg_n_2_16_s0.graph,65536,Largest Degree First standard,5,1,0.023,15
rgg_n_2_16_s0.graph,65536,Smallest Degree Last (sequential weighing),5,1,0.04,14
rgg_n_2_16_s0.graph,65536,Jones - Plassman standard(with threadpool),5,1,0.02,16
rgg_n_2_16_s0.graph,65536,Largest Degree First standard,5,5,0.022,15
rgg_n_2_16_s0.graph,65536,Smallest Degree Last (sequential weighing),5,5,0.034,15
rgg_n_2_16_s0.graph,65536,Jones - Plassman standard(with threadpool),5,5,0.017,17
rgg_n_2_16_s0.graph,65536,Largest Degree First standard,5,10,0.019,15
rgg_n_2_16_s0.graph,65536,Smallest Degree Last (sequential weighing),5,10,0.036,15
rgg_n_2_16_s0.graph,65536,Jones - Plassman standard(with threadpool),5,10,0.018,17
rgg_n_2_16_s0.graph,65536,Largest Degree First standard,5,100,0.04,15
rgg_n_2_16_s0.graph,65536,Smallest Degree Last (sequential weighing),5,100,0.048,15
rgg_n_2_16_s0.graph,65536,Jones - Plassman standard(with threadpool),5,100,0.034,17
rgg_n_2_16_s0.graph,65536,Largest Degree First standard,6,1,0.02,15
rgg_n_2_16_s0.graph,65536,Smallest Degree Last (sequential weighing),6,1,0.042,15
rgg_n_2_16_s0.graph,65536,Jones - Plassman standard(with threadpool),6,1,0.018,15
rgg_n_2_16_s0.graph,65536,Largest Degree First standard,6,5,0.018,15
rgg_n_2_16_s0.graph,65536,Smallest Degree Last (sequential weighing),6,5,0.033,15
rgg_n_2_16_s0.graph,65536,Jones - Plassman standard(with threadpool),6,5,0.015,16
rgg_n_2_16_s0.graph,65536,Largest Degree First standard,6,10,0.018,14
rgg_n_2_16_s0.graph,65536,Smallest Degree Last (sequential weighing),6,10,0.032,14
rgg_n_2_16_s0.graph,65536,Jones - Plassman standard(with threadpool),6,10,0.016,16
rgg_n_2_16_s0.graph,65536,Largest Degree First standard,6,100,0.039,15
rgg_n_2_16_s0.graph,65536,Smallest Degree Last (sequential weighing),6,100,0.047,15
rgg_n_2_16_s0.graph,65536,Jones - Plassman standard(with threadpool),6,100,0.036,17
rgg_n_2_16_s0.graph,65536,Largest Degree First standard,7,1,0.018,15
rgg_n_2_16_s0.graph,65536,Smallest Degree Last (sequential weighing),7,1,0.049,15
rgg_n_2_16_s0.graph,65536,Jones - Plassman standard(with threadpool),7,1,0.026,16
rgg_n_2_16_s0.graph,65536,Largest Degree First standard,7,5,0.021,15
rgg_n_2_16_s0.graph,65536,Smallest Degree Last (sequential weighing),7,5,0.035,15
rgg_n_2_16_s0.graph,65536,Jones - Plassman standard(with threadpool),7,5,0.016,15
rgg_n_2_16_s0.graph,65536,Largest Degree First standard,7,10,0.018,15
rgg_n_2_16_s0.graph,65536,Smallest Degree Last (sequential weighing),7,10,0.036,15
rgg_n_2_16_s0.graph,65536,Jones - Plassman standard(with threadpool),7,10,0.017,16
rgg_n_2_16_s0.graph,65536,Largest Degree First standard,7,100,0.052,16
rgg_n_2_16_s0.graph,65536,Smallest Degree Last (sequential weighing),7,100,0.053,15
rgg_n_2_16_s0.graph,65536,Jones - Plassman standard(with threadpool),7,100,0.039,16
rgg_n_2_16_s0.graph,65536,Largest Degree First standard,8,1,0.016,15
rgg_n_2_16_s0.graph,65536,Smallest Degree Last (sequential weighing),8,1,0.037,14
rgg_n_2_16_s0.graph,65536,Jones - Plassman standard(with threadpool),8,1,0.02,16
rgg_n_2_16_s0.graph,65536,Largest Degree First standard,8,5,0.02,15
rgg_n_2_16_s0.graph,65536,Smallest Degree Last (sequential weighing),8,5,0.043,14
rgg_n_2_16_s0.graph,65536,Jones - Plassman standard(with threadpool),8,5,0.018,15
rgg_n_2_16_s0.graph,65536,Largest Degree First standard,8,10,0.023,15
rgg_n_2_16_s0.graph,65536,Smallest Degree Last (sequential weighing),8,10,0.039,15
rgg_n_2_16_s0.graph,65536,Jones - Plassman standard(with threadpool),8,10,0.016,16
rgg_n_2_16_s0.graph,65536,Largest Degree First standard,8,100,0.055,14
rgg_n_2_16_s0.graph,65536,Smallest Degree Last (sequential weighing),8,100,0.059,16
rgg_n_2_16_s0.graph,65536,Jones - Plassman standard(with threadpool),8,100,0.045,16
rgg_n_2_16_s0.graph,65536,Largest Degree First standard,12,1,0.02,14
rgg_n_2_16_s0.graph,65536,Smallest Degree Last (sequential weighing),12,1,0.046,15
rgg_n_2_16_s0.graph,65536,Jones - Plassman standard(with threadpool),12,1,0.021,17
rgg_n_2_16_s0.graph,65536,Largest Degree First standard,12,5,0.019,15
rgg_n_2_16_s0.graph,65536,Smallest Degree Last (sequential weighing),12,5,0.039,15
rgg_n_2_16_s0.graph,65536,Jones - Plassman standard(with threadpool),12,5,0.017,16
rgg_n_2_16_s0.graph,65536,Largest Degree First standard,12,10,0.022,14
rgg_n_2_16_s0.graph,65536,Smallest Degree Last (sequential weighing),12,10,0.033,14
rgg_n_2_16_s0.graph,65536,Jones - Plassman standard(with threadpool),12,10,0.019,16
rgg_n_2_16_s0.graph,65536,Largest Degree First standard,12,100,0.076,15
rgg_n_2_16_s0.graph,65536,Smallest Degree Last (sequential weighing),12,100,0.063,15
rgg_n_2_16_s0.graph,65536,Jones - Plassman standard(with threadpool),12,100,0.076,16
rgg_n_2_16_s0.graph,65536,Largest Degree First standard,20,1,0.017,15
rgg_n_2_16_s0.graph,65536,Smallest Degree Last (sequential weighing),20,1,0.032,15
rgg_n_2_16_s0.graph,65536,Jones - Plassman standard(with threadpool),20,1,0.015,15
rgg_n_2_16_s0.graph,65536,Largest Degree First standard,20,5,0.021,16
rgg_n_2_16_s0.graph,65536,Smallest Degree Last (sequential weighing),20,5,0.035,14
rgg_n_2_16_s0.graph,65536,Jones - Plassman standard(with threadpool),20,5,0.019,17
rgg_n_2_16_s0.graph,65536,Largest Degree First standard,20,10,0.029,15
rgg_n_2_16_s0.graph,65536,Smallest Degree Last (sequential weighing),20,10,0.036,15
rgg_n_2_16_s0.graph,65536,Jones - Plassman standard(with threadpool),20,10,0.021,16
rgg_n_2_16_s0.graph,65536,Largest Degree First standard,20,100,0.126,14
rgg_n_2_16_s0.graph,65536,Smallest Degree Last (sequential weighing),20,100,0.094,15
rgg_n_2_16_s0.graph,65536,Jones - Plassman standard(with threadpool),20,100,0.106,17
rgg_n_2_17_s0.graph,131072,Largest Degree First standard,2,1,0.076,15
rgg_n_2_17_s0.graph,131072,Smallest Degree Last (sequential weighing),2,1,0.086,16
rgg_n_2_17_s0.graph,131072,Jones - Plassman standard(with threadpool),2,1,0.059,16
rgg_n_2_17_s0.graph,131072,Largest Degree First standard,2,5,0.069,15
rgg_n_2_17_s0.graph,131072,Smallest Degree Last (sequential weighing),2,5,0.087,15
rgg_n_2_17_s0.graph,131072,Jones - Plassman standard(with threadpool),2,5,0.054,15
rgg_n_2_17_s0.graph,131072,Largest Degree First standard,2,10,0.059,16
rgg_n_2_17_s0.graph,131072,Smallest Degree Last (sequential weighing),2,10,0.08,15
rgg_n_2_17_s0.graph,131072,Jones - Plassman standard(with threadpool),2,10,0.054,16
rgg_n_2_17_s0.graph,131072,Largest Degree First standard,2,100,0.063,15
rgg_n_2_17_s0.graph,131072,Smallest Degree Last (sequential weighing),2,100,0.077,16
rgg_n_2_17_s0.graph,131072,Jones - Plassman standard(with threadpool),2,100,0.054,17
rgg_n_2_17_s0.graph,131072,Largest Degree First standard,3,1,0.049,15
rgg_n_2_17_s0.graph,131072,Smallest Degree Last (sequential weighing),3,1,0.071,16
rgg_n_2_17_s0.graph,131072,Jones - Plassman standard(with threadpool),3,1,0.044,18
rgg_n_2_17_s0.graph,131072,Largest Degree First standard,3,5,0.051,15
rgg_n_2_17_s0.graph,131072,Smallest Degree Last (sequential weighing),3,5,0.077,15
rgg_n_2_17_s0.graph,131072,Jones - Plassman standard(with threadpool),3,5,0.046,17
rgg_n_2_17_s0.graph,131072,Largest Degree First standard,3,10,0.047,16
rgg_n_2_17_s0.graph,131072,Smallest Degree Last (sequential weighing),3,10,0.075,15
rgg_n_2_17_s0.graph,131072,Jones - Plassman standard(with threadpool),3,10,0.04,16
rgg_n_2_17_s0.graph,131072,Largest Degree First standard,3,100,0.048,15
rgg_n_2_17_s0.graph,131072,Smallest Degree Last (sequential weighing),3,100,0.068,15
rgg_n_2_17_s0.graph,131072,Jones - Plassman standard(with threadpool),3,100,0.044,16
rgg_n_2_17_s0.graph,131072,Largest Degree First standard,5,1,0.038,15
rgg_n_2_17_s0.graph,131072,Smallest Degree Last (sequential weighing),5,1,0.066,15
rgg_n_2_17_s0.graph,131072,Jones - Plassman standard(with threadpool),5,1,0.042,16
rgg_n_2_17_s0.graph,131072,Largest Degree First standard,5,5,0.042,15
rgg_n_2_17_s0.graph,131072,Smallest Degree Last (sequential weighing),5,5,0.068,15
rgg_n_2_17_s0.graph,131072,Jones - Plassman standard(with threadpool),5,5,0.034,17
rgg_n_2_17_s0.graph,131072,Largest Degree First standard,5,10,0.04,15
rgg_n_2_17_s0.graph,131072,Smallest Degree Last (sequential weighing),5,10,0.065,15
rgg_n_2_17_s0.graph,131072,Jones - Plassman standard(with threadpool),5,10,0.037,17
rgg_n_2_17_s0.graph,131072,Largest Degree First standard,5,100,0.048,15
rgg_n_2_17_s0.graph,131072,Smallest Degree Last (sequential weighing),5,100,0.067,15
rgg_n_2_17_s0.graph,131072,Jones - Plassman standard(with threadpool),5,100,0.042,17
rgg_n_2_17_s0.graph,131072,Largest Degree First standard,6,1,0.035,15
rgg_n_2_17_s0.graph,131072,Smallest Degree Last (sequential weighing),6,1,0.061,15
rgg_n_2_17_s0.graph,131072,Jones - Plassman standard(with threadpool),6,1,0.035,16
rgg_n_2_17_s0.graph,131072,Largest Degree First standard,6,5,0.035,15
rgg_n_2_17_s0.graph,131072,Smallest Degree Last (sequential weighing),6,5,0.065,15
rgg_n_2_17_s0.graph,131072,Jones - Plassman standard(with threadpool),6,5,0.032,17
rgg_n_2_17_s0.graph,131072,Largest Degree First standard,6,10,0.034,15
rgg_n_2_17_s0.graph,131072,Smallest Degree Last (sequential weighing),6,10,0.064,15
rgg_n_2_17_s0.graph,131072,Jones - Plassman standard(with threadpool),6,10,0.032,17
rgg_n_2_17_s0.graph,131072,Largest Degree First standard,6,100,0.055,16
rgg_n_2_17_s0.graph,131072,Smallest Degree Last (sequential weighing),6,100,0.075,15
rgg_n_2_17_s0.graph,131072,Jones - Plassman standard(with threadpool),6,100,0.045,16
rgg_n_2_17_s0.graph,131072,Largest Degree First standard,7,1,0.03,15
rgg_n_2_17_s0.graph,131072,Smallest Degree Last (sequential weighing),7,1,0.062,15
rgg_n_2_17_s0.graph,131072,Jones - Plassman standard(with threadpool),7,1,0.033,17
rgg_n_2_17_s0.graph,131072,Largest Degree First standard,7,5,0.033,16
rgg_n_2_17_s0.graph,131072,Smallest Degree Last (sequential weighing),7,5,0.059,15
rgg_n_2_17_s0.graph,131072,Jones - Plassman standard(with threadpool),7,5,0.03,16
rgg_n_2_17_s0.graph,131072,Largest Degree First standard,7,10,0.031,15
rgg_n_2_17_s0.graph,131072,Smallest Degree Last (sequential weighing),7,10,0.058,15
rgg_n_2_17_s0.graph,131072,Jones - Plassman standard(with threadpool),7,10,0.032,17
rgg_n_2_17_s0.graph,131072,Largest Degree First standard,7,100,0.066,15
rgg_n_2_17_s0.graph,131072,Smallest Degree Last (sequential weighing),7,100,0.072,15
rgg_n_2_17_s0.graph,131072,Jones - Plassman standard(with threadpool),7,100,0.051,17
rgg_n_2_17_s0.graph,131072,Largest Degree First standard,8,1,0.028,15
rgg_n_2_17_s0.graph,131072,Smallest Degree Last (sequential weighing),8,1,0.059,16
rgg_n_2_17_s0.graph,131072,Jones - Plassman standard(with threadpool),8,1,0.029,16
rgg_n_2_17_s0.graph,131072,Largest Degree First standard,8,5,0.03,15
rgg_n_2_17_s0.graph,131072,Smallest Degree Last (sequential weighing),8,5,0.056,15
rgg_n_2_17_s0.graph,131072,Jones - Plassman standard(with threadpool),8,5,0.028,17
rgg_n_2_17_s0.graph,131072,Largest Degree First standard,8,10,0.033,15
rgg_n_2_17_s0.graph,131072,Smallest Degree Last (sequential weighing),8,10,0.059,16
rgg_n_2_17_s0.graph,131072,Jones - Plassman standard(with threadpool),8,10,0.028,16
rgg_n_2_17_s0.graph,131072,Largest Degree First standard,8,100,0.07,15
rgg_n_2_17_s0.graph,131072,Smallest Degree Last (sequential weighing),8,100,0.073,15
rgg_n_2_17_s0.graph,131072,Jones - Plassman standard(with threadpool),8,100,0.058,16
rgg_n_2_17_s0.graph,131072,Largest Degree First standard,12,1,0.031,15
rgg_n_2_17_s0.graph,131072,Smallest Degree Last (sequential weighing),12,1,0.058,15
rgg_n_2_17_s0.graph,131072,Jones - Plassman standard(with threadpool),12,1,0.032,16
rgg_n_2_17_s0.graph,131072,Largest Degree First standard,12,5,0.03,15
rgg_n_2_17_s0.graph,131072,Smallest Degree Last (sequential weighing),12,5,0.058,15
rgg_n_2_17_s0.graph,131072,Jones - Plassman standard(with threadpool),12,5,0.031,17
rgg_n_2_17_s0.graph,131072,Largest Degree First standard,12,10,0.033,15
rgg_n_2_17_s0.graph,131072,Smallest Degree Last (sequential weighing),12,10,0.06,15
rgg_n_2_17_s0.graph,131072,Jones - Plassman standard(with threadpool),12,10,0.032,17
rgg_n_2_17_s0.graph,131072,Largest Degree First standard,12,100,0.107,16
rgg_n_2_17_s0.graph,131072,Smallest Degree Last (sequential weighing),12,100,0.094,15
rgg_n_2_17_s0.graph,131072,Jones - Plassman standard(with threadpool),12,100,0.086,17
rgg_n_2_17_s0.graph,131072,Largest Degree First standard,20,1,0.031,15
rgg_n_2_17_s0.graph,131072,Smallest Degree Last (sequential weighing),20,1,0.058,15
rgg_n_2_17_s0.graph,131072,Jones - Plassman standard(with threadpool),20,1,0.036,16
rgg_n_2_17_s0.graph,131072,Largest Degree First standard,20,5,0.037,16
rgg_n_2_17_s0.graph,131072,Smallest Degree Last (sequential weighing),20,5,0.067,15
rgg_n_2_17_s0.graph,131072,Jones - Plassman standard(with threadpool),20,5,0.033,16
rgg_n_2_17_s0.graph,131072,Largest Degree First standard,20,10,0.036,15
rgg_n_2_17_s0.graph,131072,Smallest Degree Last (sequential weighing),20,10,0.061,16
rgg_n_2_17_s0.graph,131072,Jones - Plassman standard(with threadpool),20,10,0.04,16
rgg_n_2_17_s0.graph,131072,Largest Degree First standard,20,100,0.151,15
rgg_n_2_17_s0.graph,131072,Smallest Degree Last (sequential weighing),20,100,0.116,15
rgg_n_2_17_s0.graph,131072,Jones - Plassman standard(with threadpool),20,100,0.12,16
rgg_n_2_18_s0.graph,262144,Largest Degree First standard,2,1,0.132,17
rgg_n_2_18_s0.graph,262144,Smallest Degree Last (sequential weighing),2,1,0.167,16
rgg_n_2_18_s0.graph,262144,Jones - Plassman standard(with threadpool),2,1,0.112,18
rgg_n_2_18_s0.graph,262144,Largest Degree First standard,2,5,0.128,16
rgg_n_2_18_s0.graph,262144,Smallest Degree Last (sequential weighing),2,5,0.165,17
rgg_n_2_18_s0.graph,262144,Jones - Plassman standard(with threadpool),2,5,0.111,18
rgg_n_2_18_s0.graph,262144,Largest Degree First standard,2,10,0.128,16
rgg_n_2_18_s0.graph,262144,Smallest Degree Last (sequential weighing),2,10,0.17,17
rgg_n_2_18_s0.graph,262144,Jones - Plassman standard(with threadpool),2,10,0.122,19
rgg_n_2_18_s0.graph,262144,Largest Degree First standard,2,100,0.128,16
rgg_n_2_18_s0.graph,262144,Smallest Degree Last (sequential weighing),2,100,0.162,16
rgg_n_2_18_s0.graph,262144,Jones - Plassman standard(with threadpool),2,100,0.114,17
rgg_n_2_18_s0.graph,262144,Largest Degree First standard,3,1,0.126,16
rgg_n_2_18_s0.graph,262144,Smallest Degree Last (sequential weighing),3,1,0.161,16
rgg_n_2_18_s0.graph,262144,Jones - Plassman standard(with threadpool),3,1,0.093,18
rgg_n_2_18_s0.graph,262144,Largest Degree First standard,3,5,0.099,16
rgg_n_2_18_s0.graph,262144,Smallest Degree Last (sequential weighing),3,5,0.147,17
rgg_n_2_18_s0.graph,262144,Jones - Plassman standard(with threadpool),3,5,0.094,17
rgg_n_2_18_s0.graph,262144,Largest Degree First standard,3,10,0.098,16
rgg_n_2_18_s0.graph,262144,Smallest Degree Last (sequential weighing),3,10,0.146,18
rgg_n_2_18_s0.graph,262144,Jones - Plassman standard(with threadpool),3,10,0.086,18
rgg_n_2_18_s0.graph,262144,Largest Degree First standard,3,100,0.111,17
rgg_n_2_18_s0.graph,262144,Smallest Degree Last (sequential weighing),3,100,0.145,17
rgg_n_2_18_s0.graph,262144,Jones - Plassman standard(with threadpool),3,100,0.093,18
rgg_n_2_18_s0.graph,262144,Largest Degree First standard,5,1,0.081,16
rgg_n_2_18_s0.graph,262144,Smallest Degree Last (sequential weighing),5,1,0.132,17
rgg_n_2_18_s0.graph,262144,Jones - Plassman standard(with threadpool),5,1,0.077,17
rgg_n_2_18_s0.graph,262144,Largest Degree First standard,5,5,0.082,17
rgg_n_2_18_s0.graph,262144,Smallest Degree Last (sequential weighing),5,5,0.131,17
rgg_n_2_18_s0.graph,262144,Jones - Plassman standard(with threadpool),5,5,0.077,17
rgg_n_2_18_s0.graph,262144,Largest Degree First standard,5,10,0.079,17
rgg_n_2_18_s0.graph,262144,Smallest Degree Last (sequential weighing),5,10,0.131,17
rgg_n_2_18_s0.graph,262144,Jones - Plassman standard(with threadpool),5,10,0.071,17
rgg_n_2_18_s0.graph,262144,Largest Degree First standard,5,100,0.091,16
rgg_n_2_18_s0.graph,262144,Smallest Degree Last (sequential weighing),5,100,0.135,16
rgg_n_2_18_s0.graph,262144,Jones - Plassman standard(with threadpool),5,100,0.081,19
rgg_n_2_18_s0.graph,262144,Largest Degree First standard,6,1,0.074,16
rgg_n_2_18_s0.graph,262144,Smallest Degree Last (sequential weighing),6,1,0.125,17
rgg_n_2_18_s0.graph,262144,Jones - Plassman standard(with threadpool),6,1,0.069,18
rgg_n_2_18_s0.graph,262144,Largest Degree First standard,6,5,0.075,16
rgg_n_2_18_s0.graph,262144,Smallest Degree Last (sequential weighing),6,5,0.127,17
rgg_n_2_18_s0.graph,262144,Jones - Plassman standard(with threadpool),6,5,0.066,18
rgg_n_2_18_s0.graph,262144,Largest Degree First standard,6,10,0.077,16
rgg_n_2_18_s0.graph,262144,Smallest Degree Last (sequential weighing),6,10,0.122,16
rgg_n_2_18_s0.graph,262144,Jones - Plassman standard(with threadpool),6,10,0.066,17
rgg_n_2_18_s0.graph,262144,Largest Degree First standard,6,100,0.088,17
rgg_n_2_18_s0.graph,262144,Smallest Degree Last (sequential weighing),6,100,0.133,17
rgg_n_2_18_s0.graph,262144,Jones - Plassman standard(with threadpool),6,100,0.08,17
rgg_n_2_18_s0.graph,262144,Largest Degree First standard,7,1,0.065,16
rgg_n_2_18_s0.graph,262144,Smallest Degree Last (sequential weighing),7,1,0.13,17
rgg_n_2_18_s0.graph,262144,Jones - Plassman standard(with threadpool),7,1,0.06,18
rgg_n_2_18_s0.graph,262144,Largest Degree First standard,7,5,0.066,16
rgg_n_2_18_s0.graph,262144,Smallest Degree Last (sequential weighing),7,5,0.123,16
rgg_n_2_18_s0.graph,262144,Jones - Plassman standard(with threadpool),7,5,0.062,17
rgg_n_2_18_s0.graph,262144,Largest Degree First standard,7,10,0.065,16
rgg_n_2_18_s0.graph,262144,Smallest Degree Last (sequential weighing),7,10,0.127,16
rgg_n_2_18_s0.graph,262144,Jones - Plassman standard(with threadpool),7,10,0.064,18
rgg_n_2_18_s0.graph,262144,Largest Degree First standard,7,100,0.09,17
rgg_n_2_18_s0.graph,262144,Smallest Degree Last (sequential weighing),7,100,0.141,17
rgg_n_2_18_s0.graph,262144,Jones - Plassman standard(with threadpool),7,100,0.083,17
rgg_n_2_18_s0.graph,262144,Largest Degree First standard,8,1,0.081,17
rgg_n_2_18_s0.graph,262144,Smallest Degree Last (sequential weighing),8,1,0.121,17
rgg_n_2_18_s0.graph,262144,Jones - Plassman standard(with threadpool),8,1,0.062,17
rgg_n_2_18_s0.graph,262144,Largest Degree First standard,8,5,0.063,16
rgg_n_2_18_s0.graph,262144,Smallest Degree Last (sequential weighing),8,5,0.12,16
rgg_n_2_18_s0.graph,262144,Jones - Plassman standard(with threadpool),8,5,0.057,17
rgg_n_2_18_s0.graph,262144,Largest Degree First standard,8,10,0.062,16
rgg_n_2_18_s0.graph,262144,Smallest Degree Last (sequential weighing),8,10,0.123,17
rgg_n_2_18_s0.graph,262144,Jones - Plassman standard(with threadpool),8,10,0.059,17
rgg_n_2_18_s0.graph,262144,Largest Degree First standard,8,100,0.097,16
rgg_n_2_18_s0.graph,262144,Smallest Degree Last (sequential weighing),8,100,0.136,16
rgg_n_2_18_s0.graph,262144,Jones - Plassman standard(with threadpool),8,100,0.082,19
rgg_n_2_18_s0.graph,262144,Largest Degree First standard,12,1,0.07,16
rgg_n_2_18_s0.graph,262144,Smallest Degree Last (sequential weighing),12,1,0.13,17
rgg_n_2_18_s0.graph,262144,Jones - Plassman standard(with threadpool),12,1,0.066,19
rgg_n_2_18_s0.graph,262144,Largest Degree First standard,12,5,0.063,16
rgg_n_2_18_s0.graph,262144,Smallest Degree Last (sequential weighing),12,5,0.126,16
rgg_n_2_18_s0.graph,262144,Jones - Plassman standard(with threadpool),12,5,0.057,18
rgg_n_2_18_s0.graph,262144,Largest Degree First standard,12,10,0.069,16
rgg_n_2_18_s0.graph,262144,Smallest Degree Last (sequential weighing),12,10,0.122,16
rgg_n_2_18_s0.graph,262144,Jones - Plassman standard(with threadpool),12,10,0.058,19
rgg_n_2_18_s0.graph,262144,Largest Degree First standard,12,100,0.121,17
rgg_n_2_18_s0.graph,262144,Smallest Degree Last (sequential weighing),12,100,0.159,16
rgg_n_2_18_s0.graph,262144,Jones - Plassman standard(with threadpool),12,100,0.116,18
rgg_n_2_18_s0.graph,262144,Largest Degree First standard,20,1,0.067,16
rgg_n_2_18_s0.graph,262144,Smallest Degree Last (sequential weighing),20,1,0.127,16
rgg_n_2_18_s0.graph,262144,Jones - Plassman standard(with threadpool),20,1,0.062,18
rgg_n_2_18_s0.graph,262144,Largest Degree First standard,20,5,0.064,16
rgg_n_2_18_s0.graph,262144,Smallest Degree Last (sequential weighing),20,5,0.122,16
rgg_n_2_18_s0.graph,262144,Jones - Plassman standard(with threadpool),20,5,0.063,19
rgg_n_2_18_s0.graph,262144,Largest Degree First standard,20,10,0.071,16
rgg_n_2_18_s0.graph,262144,Smallest Degree Last (sequential weighing),20,10,0.125,17
rgg_n_2_18_s0.graph,262144,Jones - Plassman standard(with threadpool),20,10,0.064,19
rgg_n_2_18_s0.graph,262144,Largest Degree First standard,20,100,0.169,17
rgg_n_2_18_s0.graph,262144,Smallest Degree Last (sequential weighing),20,100,0.184,17
rgg_n_2_18_s0.graph,262144,Jones - Plassman standard(with threadpool),20,100,0.173,18
rgg_n_2_19_s0.graph,524288,Largest Degree First standard,2,1,0.264,18
rgg_n_2_19_s0.graph,524288,Smallest Degree Last (sequential weighing),2,1,0.335,18
rgg_n_2_19_s0.graph,524288,Jones - Plassman standard(with threadpool),2,1,0.232,19
rgg_n_2_19_s0.graph,524288,Largest Degree First standard,2,5,0.259,18
rgg_n_2_19_s0.graph,524288,Smallest Degree Last (sequential weighing),2,5,0.336,18
rgg_n_2_19_s0.graph,524288,Jones - Plassman standard(with threadpool),2,5,0.236,18
rgg_n_2_19_s0.graph,524288,Largest Degree First standard,2,10,0.261,18
rgg_n_2_19_s0.graph,524288,Smallest Degree Last (sequential weighing),2,10,0.349,18
rgg_n_2_19_s0.graph,524288,Jones - Plassman standard(with threadpool),2,10,0.246,19
rgg_n_2_19_s0.graph,524288,Largest Degree First standard,2,100,0.431,18
rgg_n_2_19_s0.graph,524288,Smallest Degree Last (sequential weighing),2,100,0.779,18
rgg_n_2_19_s0.graph,524288,Jones - Plassman standard(with threadpool),2,100,0.429,20
rgg_n_2_19_s0.graph,524288,Largest Degree First standard,3,1,0.328,18
rgg_n_2_19_s0.graph,524288,Smallest Degree Last (sequential weighing),3,1,0.492,18
rgg_n_2_19_s0.graph,524288,Jones - Plassman standard(with threadpool),3,1,0.284,18
rgg_n_2_19_s0.graph,524288,Largest Degree First standard,3,5,0.294,18
rgg_n_2_19_s0.graph,524288,Smallest Degree Last (sequential weighing),3,5,0.494,18
rgg_n_2_19_s0.graph,524288,Jones - Plassman standard(with threadpool),3,5,0.268,18
rgg_n_2_19_s0.graph,524288,Largest Degree First standard,3,10,0.298,18
rgg_n_2_19_s0.graph,524288,Smallest Degree Last (sequential weighing),3,10,0.386,18
rgg_n_2_19_s0.graph,524288,Jones - Plassman standard(with threadpool),3,10,0.254,18
rgg_n_2_19_s0.graph,524288,Largest Degree First standard,3,100,0.255,18
rgg_n_2_19_s0.graph,524288,Smallest Degree Last (sequential weighing),3,100,0.381,18
rgg_n_2_19_s0.graph,524288,Jones - Plassman standard(with threadpool),3,100,0.227,19
rgg_n_2_19_s0.graph,524288,Largest Degree First standard,5,1,0.205,18
rgg_n_2_19_s0.graph,524288,Smallest Degree Last (sequential weighing),5,1,0.347,18
rgg_n_2_19_s0.graph,524288,Jones - Plassman standard(with threadpool),5,1,0.184,19
rgg_n_2_19_s0.graph,524288,Largest Degree First standard,5,5,0.205,18
rgg_n_2_19_s0.graph,524288,Smallest Degree Last (sequential weighing),5,5,0.339,18
rgg_n_2_19_s0.graph,524288,Jones - Plassman standard(with threadpool),5,5,0.179,19
rgg_n_2_19_s0.graph,524288,Largest Degree First standard,5,10,0.193,19
rgg_n_2_19_s0.graph,524288,Smallest Degree Last (sequential weighing),5,10,0.342,18
rgg_n_2_19_s0.graph,524288,Jones - Plassman standard(with threadpool),5,10,0.176,19
rgg_n_2_19_s0.graph,524288,Largest Degree First standard,5,100,0.207,18
rgg_n_2_19_s0.graph,524288,Smallest Degree Last (sequential weighing),5,100,0.346,18
rgg_n_2_19_s0.graph,524288,Jones - Plassman standard(with threadpool),5,100,0.184,19
rgg_n_2_19_s0.graph,524288,Largest Degree First standard,6,1,0.18,18
rgg_n_2_19_s0.graph,524288,Smallest Degree Last (sequential weighing),6,1,0.32,18
rgg_n_2_19_s0.graph,524288,Jones - Plassman standard(with threadpool),6,1,0.163,18
rgg_n_2_19_s0.graph,524288,Largest Degree First standard,6,5,0.176,18
rgg_n_2_19_s0.graph,524288,Smallest Degree Last (sequential weighing),6,5,0.331,18
rgg_n_2_19_s0.graph,524288,Jones - Plassman standard(with threadpool),6,5,0.162,18
rgg_n_2_19_s0.graph,524288,Largest Degree First standard,6,10,0.175,19
rgg_n_2_19_s0.graph,524288,Smallest Degree Last (sequential weighing),6,10,0.32,18
rgg_n_2_19_s0.graph,524288,Jones - Plassman standard(with threadpool),6,10,0.155,18
rgg_n_2_19_s0.graph,524288,Largest Degree First standard,6,100,0.192,18
rgg_n_2_19_s0.graph,524288,Smallest Degree Last (sequential weighing),6,100,0.328,18
rgg_n_2_19_s0.graph,524288,Jones - Plassman standard(with threadpool),6,100,0.176,19
rgg_n_2_19_s0.graph,524288,Largest Degree First standard,7,1,0.162,18
rgg_n_2_19_s0.graph,524288,Smallest Degree Last (sequential weighing),7,1,0.316,18
rgg_n_2_19_s0.graph,524288,Jones - Plassman standard(with threadpool),7,1,0.15,19
rgg_n_2_19_s0.graph,524288,Largest Degree First standard,7,5,0.168,18
rgg_n_2_19_s0.graph,524288,Smallest Degree Last (sequential weighing),7,5,0.31,18
rgg_n_2_19_s0.graph,524288,Jones - Plassman standard(with threadpool),7,5,0.146,18
rgg_n_2_19_s0.graph,524288,Largest Degree First standard,7,10,0.158,18
rgg_n_2_19_s0.graph,524288,Smallest Degree Last (sequential weighing),7,10,0.317,18
rgg_n_2_19_s0.graph,524288,Jones - Plassman standard(with threadpool),7,10,0.145,19
rgg_n_2_19_s0.graph,524288,Largest Degree First standard,7,100,0.19,18
rgg_n_2_19_s0.graph,524288,Smallest Degree Last (sequential weighing),7,100,0.322,18
rgg_n_2_19_s0.graph,524288,Jones - Plassman standard(with threadpool),7,100,0.168,18
rgg_n_2_19_s0.graph,524288,Largest Degree First standard,8,1,0.161,19
rgg_n_2_19_s0.graph,524288,Smallest Degree Last (sequential weighing),8,1,0.309,18
rgg_n_2_19_s0.graph,524288,Jones - Plassman standard(with threadpool),8,1,0.148,19
rgg_n_2_19_s0.graph,524288,Largest Degree First standard,8,5,0.156,18
rgg_n_2_19_s0.graph,524288,Smallest Degree Last (sequential weighing),8,5,0.36,18
rgg_n_2_19_s0.graph,524288,Jones - Plassman standard(with threadpool),8,5,0.153,19
rgg_n_2_19_s0.graph,524288,Largest Degree First standard,8,10,0.166,18
rgg_n_2_19_s0.graph,524288,Smallest Degree Last (sequential weighing),8,10,0.346,18
rgg_n_2_19_s0.graph,524288,Jones - Plassman standard(with threadpool),8,10,0.161,19
rgg_n_2_19_s0.graph,524288,Largest Degree First standard,8,100,0.199,18
rgg_n_2_19_s0.graph,524288,Smallest Degree Last (sequential weighing),8,100,0.346,18
rgg_n_2_19_s0.graph,524288,Jones - Plassman standard(with threadpool),8,100,0.182,19
rgg_n_2_19_s0.graph,524288,Largest Degree First standard,12,1,0.181,18
rgg_n_2_19_s0.graph,524288,Smallest Degree Last (sequential weighing),12,1,0.357,18
rgg_n_2_19_s0.graph,524288,Jones - Plassman standard(with threadpool),12,1,0.162,19
rgg_n_2_19_s0.graph,524288,Largest Degree First standard,12,5,0.166,18
rgg_n_2_19_s0.graph,524288,Smallest Degree Last (sequential weighing),12,5,0.341,18
rgg_n_2_19_s0.graph,524288,Jones - Plassman standard(with threadpool),12,5,0.157,19
rgg_n_2_19_s0.graph,524288,Largest Degree First standard,12,10,0.171,19
rgg_n_2_19_s0.graph,524288,Smallest Degree Last (sequential weighing),12,10,0.373,18
rgg_n_2_19_s0.graph,524288,Jones - Plassman standard(with threadpool),12,10,0.154,19
rgg_n_2_19_s0.graph,524288,Largest Degree First standard,12,100,0.225,18
rgg_n_2_19_s0.graph,524288,Smallest Degree Last (sequential weighing),12,100,0.379,18
rgg_n_2_19_s0.graph,524288,Jones - Plassman standard(with threadpool),12,100,0.2,19
rgg_n_2_19_s0.graph,524288,Largest Degree First standard,20,1,0.199,18
rgg_n_2_19_s0.graph,524288,Smallest Degree Last (sequential weighing),20,1,0.338,18
rgg_n_2_19_s0.graph,524288,Jones - Plassman standard(with threadpool),20,1,0.146,18
rgg_n_2_19_s0.graph,524288,Largest Degree First standard,20,5,0.154,18
rgg_n_2_19_s0.graph,524288,Smallest Degree Last (sequential weighing),20,5,0.31,18
rgg_n_2_19_s0.graph,524288,Jones - Plassman standard(with threadpool),20,5,0.138,19
rgg_n_2_19_s0.graph,524288,Largest Degree First standard,20,10,0.152,18
rgg_n_2_19_s0.graph,524288,Smallest Degree Last (sequential weighing),20,10,0.307,18
rgg_n_2_19_s0.graph,524288,Jones - Plassman standard(with threadpool),20,10,0.139,19
rgg_n_2_19_s0.graph,524288,Largest Degree First standard,20,100,0.298,18
rgg_n_2_19_s0.graph,524288,Smallest Degree Last (sequential weighing),20,100,0.367,18
rgg_n_2_19_s0.graph,524288,Jones - Plassman standard(with threadpool),20,100,0.289,19
rgg_n_2_20_s0.graph,1048576,Largest Degree First standard,2,1,0.661,18
rgg_n_2_20_s0.graph,1048576,Smallest Degree Last (sequential weighing),2,1,0.86,18
rgg_n_2_20_s0.graph,1048576,Jones - Plassman standard(with threadpool),2,1,0.584,20
rgg_n_2_20_s0.graph,1048576,Largest Degree First standard,2,5,0.692,18
rgg_n_2_20_s0.graph,1048576,Smallest Degree Last (sequential weighing),2,5,0.839,18
rgg_n_2_20_s0.graph,1048576,Jones - Plassman standard(with threadpool),2,5,0.596,19
rgg_n_2_20_s0.graph,1048576,Largest Degree First standard,2,10,0.682,18
rgg_n_2_20_s0.graph,1048576,Smallest Degree Last (sequential weighing),2,10,0.882,18
rgg_n_2_20_s0.graph,1048576,Jones - Plassman standard(with threadpool),2,10,0.605,20
rgg_n_2_20_s0.graph,1048576,Largest Degree First standard,2,100,0.703,19
rgg_n_2_20_s0.graph,1048576,Smallest Degree Last (sequential weighing),2,100,0.879,18
rgg_n_2_20_s0.graph,1048576,Jones - Plassman standard(with threadpool),2,100,0.624,19
rgg_n_2_20_s0.graph,1048576,Largest Degree First standard,3,1,0.521,19
rgg_n_2_20_s0.graph,1048576,Smallest Degree Last (sequential weighing),3,1,0.741,18
rgg_n_2_20_s0.graph,1048576,Jones - Plassman standard(with threadpool),3,1,0.47,20
rgg_n_2_20_s0.graph,1048576,Largest Degree First standard,3,5,0.527,18
rgg_n_2_20_s0.graph,1048576,Smallest Degree Last (sequential weighing),3,5,0.753,19
rgg_n_2_20_s0.graph,1048576,Jones - Plassman standard(with threadpool),3,5,0.493,20
rgg_n_2_20_s0.graph,1048576,Largest Degree First standard,3,10,0.521,18
rgg_n_2_20_s0.graph,1048576,Smallest Degree Last (sequential weighing),3,10,0.762,19
rgg_n_2_20_s0.graph,1048576,Jones - Plassman standard(with threadpool),3,10,0.461,20
rgg_n_2_20_s0.graph,1048576,Largest Degree First standard,3,100,0.533,18
rgg_n_2_20_s0.graph,1048576,Smallest Degree Last (sequential weighing),3,100,0.732,18
rgg_n_2_20_s0.graph,1048576,Jones - Plassman standard(with threadpool),3,100,0.47,20
rgg_n_2_20_s0.graph,1048576,Largest Degree First standard,5,1,0.419,18
rgg_n_2_20_s0.graph,1048576,Smallest Degree Last (sequential weighing),5,1,0.676,18
rgg_n_2_20_s0.graph,1048576,Jones - Plassman standard(with threadpool),5,1,0.372,20
rgg_n_2_20_s0.graph,1048576,Largest Degree First standard,5,5,0.419,18
rgg_n_2_20_s0.graph,1048576,Smallest Degree Last (sequential weighing),5,5,0.669,18
rgg_n_2_20_s0.graph,1048576,Jones - Plassman standard(with threadpool),5,5,0.361,20
rgg_n_2_20_s0.graph,1048576,Largest Degree First standard,5,10,0.402,18
rgg_n_2_20_s0.graph,1048576,Smallest Degree Last (sequential weighing),5,10,0.688,19
rgg_n_2_20_s0.graph,1048576,Jones - Plassman standard(with threadpool),5,10,0.362,20
rgg_n_2_20_s0.graph,1048576,Largest Degree First standard,5,100,0.412,18
rgg_n_2_20_s0.graph,1048576,Smallest Degree Last (sequential weighing),5,100,0.691,18
rgg_n_2_20_s0.graph,1048576,Jones - Plassman standard(with threadpool),5,100,0.372,19
rgg_n_2_20_s0.graph,1048576,Largest Degree First standard,6,1,0.373,18
rgg_n_2_20_s0.graph,1048576,Smallest Degree Last (sequential weighing),6,1,0.666,18
rgg_n_2_20_s0.graph,1048576,Jones - Plassman standard(with threadpool),6,1,0.332,19
rgg_n_2_20_s0.graph,1048576,Largest Degree First standard,6,5,0.372,19
rgg_n_2_20_s0.graph,1048576,Smallest Degree Last (sequential weighing),6,5,0.674,18
rgg_n_2_20_s0.graph,1048576,Jones - Plassman standard(with threadpool),6,5,0.337,20
rgg_n_2_20_s0.graph,1048576,Largest Degree First standard,6,10,0.365,18
rgg_n_2_20_s0.graph,1048576,Smallest Degree Last (sequential weighing),6,10,0.649,18
rgg_n_2_20_s0.graph,1048576,Jones - Plassman standard(with threadpool),6,10,0.328,20
rgg_n_2_20_s0.graph,1048576,Largest Degree First standard,6,100,0.383,18
rgg_n_2_20_s0.graph,1048576,Smallest Degree Last (sequential weighing),6,100,0.658,18
rgg_n_2_20_s0.graph,1048576,Jones - Plassman standard(with threadpool),6,100,0.342,20
rgg_n_2_20_s0.graph,1048576,Largest Degree First standard,7,1,0.343,19
rgg_n_2_20_s0.graph,1048576,Smallest Degree Last (sequential weighing),7,1,0.659,18
rgg_n_2_20_s0.graph,1048576,Jones - Plassman standard(with threadpool),7,1,0.307,19
rgg_n_2_20_s0.graph,1048576,Largest Degree First standard,7,5,0.349,19
rgg_n_2_20_s0.graph,1048576,Smallest Degree Last (sequential weighing),7,5,0.655,18
rgg_n_2_20_s0.graph,1048576,Jones - Plassman standard(with threadpool),7,5,0.316,19
rgg_n_2_20_s0.graph,1048576,Largest Degree First standard,7,10,0.337,18
rgg_n_2_20_s0.graph,1048576,Smallest Degree Last (sequential weighing),7,10,0.656,18
rgg_n_2_20_s0.graph,1048576,Jones - Plassman standard(with threadpool),7,10,0.305,20
rgg_n_2_20_s0.graph,1048576,Largest Degree First standard,7,100,0.363,18
rgg_n_2_20_s0.graph,1048576,Smallest Degree Last (sequential weighing),7,100,0.633,18
rgg_n_2_20_s0.graph,1048576,Jones - Plassman standard(with threadpool),7,100,0.325,19
rgg_n_2_20_s0.graph,1048576,Largest Degree First standard,8,1,0.323,19
rgg_n_2_20_s0.graph,1048576,Smallest Degree Last (sequential weighing),8,1,0.645,18
rgg_n_2_20_s0.graph,1048576,Jones - Plassman standard(with threadpool),8,1,0.287,19
rgg_n_2_20_s0.graph,1048576,Largest Degree First standard,8,5,0.329,18
rgg_n_2_20_s0.graph,1048576,Smallest Degree Last (sequential weighing),8,5,0.641,19
rgg_n_2_20_s0.graph,1048576,Jones - Plassman standard(with threadpool),8,5,0.288,19
rgg_n_2_20_s0.graph,1048576,Largest Degree First standard,8,10,0.324,18
rgg_n_2_20_s0.graph,1048576,Smallest Degree Last (sequential weighing),8,10,0.61,18
rgg_n_2_20_s0.graph,1048576,Jones - Plassman standard(with threadpool),8,10,0.297,20
rgg_n_2_20_s0.graph,1048576,Largest Degree First standard,8,100,0.341,18
rgg_n_2_20_s0.graph,1048576,Smallest Degree Last (sequential weighing),8,100,0.659,18
rgg_n_2_20_s0.graph,1048576,Jones - Plassman standard(with threadpool),8,100,0.313,20
rgg_n_2_20_s0.graph,1048576,Largest Degree First standard,12,1,0.373,18
rgg_n_2_20_s0.graph,1048576,Smallest Degree Last (sequential weighing),12,1,0.665,18
rgg_n_2_20_s0.graph,1048576,Jones - Plassman standard(with threadpool),12,1,0.334,19
rgg_n_2_20_s0.graph,1048576,Largest Degree First standard,12,5,0.323,18
rgg_n_2_20_s0.graph,1048576,Smallest Degree Last (sequential weighing),12,5,0.623,18
rgg_n_2_20_s0.graph,1048576,Jones - Plassman standard(with threadpool),12,5,0.284,18
rgg_n_2_20_s0.graph,1048576,Largest Degree First standard,12,10,0.337,18
rgg_n_2_20_s0.graph,1048576,Smallest Degree Last (sequential weighing),12,10,0.692,18
rgg_n_2_20_s0.graph,1048576,Jones - Plassman standard(with threadpool),12,10,0.292,20
rgg_n_2_20_s0.graph,1048576,Largest Degree First standard,12,100,0.431,18
rgg_n_2_20_s0.graph,1048576,Smallest Degree Last (sequential weighing),12,100,0.705,18
rgg_n_2_20_s0.graph,1048576,Jones - Plassman standard(with threadpool),12,100,0.332,19
rgg_n_2_20_s0.graph,1048576,Largest Degree First standard,20,1,0.343,19
rgg_n_2_20_s0.graph,1048576,Smallest Degree Last (sequential weighing),20,1,0.624,18
rgg_n_2_20_s0.graph,1048576,Jones - Plassman standard(with threadpool),20,1,0.307,20
rgg_n_2_20_s0.graph,1048576,Largest Degree First standard,20,5,0.318,18
rgg_n_2_20_s0.graph,1048576,Smallest Degree Last (sequential weighing),20,5,0.676,18
rgg_n_2_20_s0.graph,1048576,Jones - Plassman standard(with threadpool),20,5,0.34,19
rgg_n_2_20_s0.graph,1048576,Largest Degree First standard,20,10,0.362,18
rgg_n_2_20_s0.graph,1048576,Smallest Degree Last (sequential weighing),20,10,0.747,18
rgg_n_2_20_s0.graph,1048576,Jones - Plassman standard(with threadpool),20,10,0.349,19
rgg_n_2_20_s0.graph,1048576,Largest Degree First standard,20,100,0.494,19
rgg_n_2_20_s0.graph,1048576,Smallest Degree Last (sequential weighing),20,100,0.878,18
rgg_n_2_20_s0.graph,1048576,Jones - Plassman standard(with threadpool),20,100,0.445,19
rgg_n_2_21_s0.graph,2097152,Largest Degree First standard,2,1,1.416,19
rgg_n_2_21_s0.graph,2097152,Smallest Degree Last (sequential weighing),2,1,1.777,19
rgg_n_2_21_s0.graph,2097152,Jones - Plassman standard(with threadpool),2,1,1.242,20
rgg_n_2_21_s0.graph,2097152,Largest Degree First standard,2,5,1.441,19
rgg_n_2_21_s0.graph,2097152,Smallest Degree Last (sequential weighing),2,5,1.852,19
rgg_n_2_21_s0.graph,2097152,Jones - Plassman standard(with threadpool),2,5,1.301,20
rgg_n_2_21_s0.graph,2097152,Largest Degree First standard,2,10,1.441,19
rgg_n_2_21_s0.graph,2097152,Smallest Degree Last (sequential weighing),2,10,1.828,19
rgg_n_2_21_s0.graph,2097152,Jones - Plassman standard(with threadpool),2,10,1.274,21
rgg_n_2_21_s0.graph,2097152,Largest Degree First standard,2,100,1.532,19
rgg_n_2_21_s0.graph,2097152,Smallest Degree Last (sequential weighing),2,100,1.843,20
rgg_n_2_21_s0.graph,2097152,Jones - Plassman standard(with threadpool),2,100,1.34,20
rgg_n_2_21_s0.graph,2097152,Largest Degree First standard,3,1,1.096,19
rgg_n_2_21_s0.graph,2097152,Smallest Degree Last (sequential weighing),3,1,1.596,19
rgg_n_2_21_s0.graph,2097152,Jones - Plassman standard(with threadpool),3,1,0.994,21
rgg_n_2_21_s0.graph,2097152,Largest Degree First standard,3,5,1.184,19
rgg_n_2_21_s0.graph,2097152,Smallest Degree Last (sequential weighing),3,5,1.664,19
rgg_n_2_21_s0.graph,2097152,Jones - Plassman standard(with threadpool),3,5,0.955,20
rgg_n_2_21_s0.graph,2097152,Largest Degree First standard,3,10,1.124,19
rgg_n_2_21_s0.graph,2097152,Smallest Degree Last (sequential weighing),3,10,1.566,19
rgg_n_2_21_s0.graph,2097152,Jones - Plassman standard(with threadpool),3,10,0.969,20
rgg_n_2_21_s0.graph,2097152,Largest Degree First standard,3,100,1.11,19
rgg_n_2_21_s0.graph,2097152,Smallest Degree Last (sequential weighing),3,100,1.596,19
rgg_n_2_21_s0.graph,2097152,Jones - Plassman standard(with threadpool),3,100,0.987,20
rgg_n_2_21_s0.graph,2097152,Largest Degree First standard,5,1,0.887,19
rgg_n_2_21_s0.graph,2097152,Smallest Degree Last (sequential weighing),5,1,1.376,19
rgg_n_2_21_s0.graph,2097152,Jones - Plassman standard(with threadpool),5,1,0.781,21
rgg_n_2_21_s0.graph,2097152,Largest Degree First standard,5,5,0.854,19
rgg_n_2_21_s0.graph,2097152,Smallest Degree Last (sequential weighing),5,5,1.404,19
rgg_n_2_21_s0.graph,2097152,Jones - Plassman standard(with threadpool),5,5,0.759,20
rgg_n_2_21_s0.graph,2097152,Largest Degree First standard,5,10,0.837,19
rgg_n_2_21_s0.graph,2097152,Smallest Degree Last (sequential weighing),5,10,1.411,19
rgg_n_2_21_s0.graph,2097152,Jones - Plassman standard(with threadpool),5,10,0.742,19
rgg_n_2_21_s0.graph,2097152,Largest Degree First standard,5,100,0.849,19
rgg_n_2_21_s0.graph,2097152,Smallest Degree Last (sequential weighing),5,100,1.413,19
rgg_n_2_21_s0.graph,2097152,Jones - Plassman standard(with threadpool),5,100,0.757,21
rgg_n_2_21_s0.graph,2097152,Largest Degree First standard,6,1,0.782,19
rgg_n_2_21_s0.graph,2097152,Smallest Degree Last (sequential weighing),6,1,1.316,20
rgg_n_2_21_s0.graph,2097152,Jones - Plassman standard(with threadpool),6,1,0.695,21
rgg_n_2_21_s0.graph,2097152,Largest Degree First standard,6,5,0.778,19
rgg_n_2_21_s0.graph,2097152,Smallest Degree Last (sequential weighing),6,5,1.334,19
rgg_n_2_21_s0.graph,2097152,Jones - Plassman standard(with threadpool),6,5,0.69,21
rgg_n_2_21_s0.graph,2097152,Largest Degree First standard,6,10,0.753,19
rgg_n_2_21_s0.graph,2097152,Smallest Degree Last (sequential weighing),6,10,1.284,19
rgg_n_2_21_s0.graph,2097152,Jones - Plassman standard(with threadpool),6,10,0.672,20
rgg_n_2_21_s0.graph,2097152,Largest Degree First standard,6,100,0.772,19
rgg_n_2_21_s0.graph,2097152,Smallest Degree Last (sequential weighing),6,100,1.316,19
rgg_n_2_21_s0.graph,2097152,Jones - Plassman standard(with threadpool),6,100,0.674,20
rgg_n_2_21_s0.graph,2097152,Largest Degree First standard,7,1,0.719,19
rgg_n_2_21_s0.graph,2097152,Smallest Degree Last (sequential weighing),7,1,1.23,19
rgg_n_2_21_s0.graph,2097152,Jones - Plassman standard(with threadpool),7,1,0.642,20
rgg_n_2_21_s0.graph,2097152,Largest Degree First standard,7,5,0.716,19
rgg_n_2_21_s0.graph,2097152,Smallest Degree Last (sequential weighing),7,5,1.291,19
rgg_n_2_21_s0.graph,2097152,Jones - Plassman standard(with threadpool),7,5,0.634,20
rgg_n_2_21_s0.graph,2097152,Largest Degree First standard,7,10,0.703,19
rgg_n_2_21_s0.graph,2097152,Smallest Degree Last (sequential weighing),7,10,1.316,19
rgg_n_2_21_s0.graph,2097152,Jones - Plassman standard(with threadpool),7,10,0.634,20
rgg_n_2_21_s0.graph,2097152,Largest Degree First standard,7,100,0.709,19
rgg_n_2_21_s0.graph,2097152,Smallest Degree Last (sequential weighing),7,100,1.241,19
rgg_n_2_21_s0.graph,2097152,Jones - Plassman standard(with threadpool),7,100,0.635,20
rgg_n_2_21_s0.graph,2097152,Largest Degree First standard,8,1,0.655,19
rgg_n_2_21_s0.graph,2097152,Smallest Degree Last (sequential weighing),8,1,1.294,19
rgg_n_2_21_s0.graph,2097152,Jones - Plassman standard(with threadpool),8,1,0.589,20
rgg_n_2_21_s0.graph,2097152,Largest Degree First standard,8,5,0.711,19
rgg_n_2_21_s0.graph,2097152,Smallest Degree Last (sequential weighing),8,5,1.29,19
rgg_n_2_21_s0.graph,2097152,Jones - Plassman standard(with threadpool),8,5,0.601,21
rgg_n_2_21_s0.graph,2097152,Largest Degree First standard,8,10,0.661,19
rgg_n_2_21_s0.graph,2097152,Smallest Degree Last (sequential weighing),8,10,1.283,19
rgg_n_2_21_s0.graph,2097152,Jones - Plassman standard(with threadpool),8,10,0.587,20
rgg_n_2_21_s0.graph,2097152,Largest Degree First standard,8,100,0.683,19
rgg_n_2_21_s0.graph,2097152,Smallest Degree Last (sequential weighing),8,100,1.199,19
rgg_n_2_21_s0.graph,2097152,Jones - Plassman standard(with threadpool),8,100,0.605,20
rgg_n_2_21_s0.graph,2097152,Largest Degree First standard,12,1,0.752,19
rgg_n_2_21_s0.graph,2097152,Smallest Degree Last (sequential weighing),12,1,1.339,19
rgg_n_2_21_s0.graph,2097152,Jones - Plassman standard(with threadpool),12,1,0.66,20
rgg_n_2_21_s0.graph,2097152,Largest Degree First standard,12,5,0.658,19
rgg_n_2_21_s0.graph,2097152,Smallest Degree Last (sequential weighing),12,5,1.268,20
rgg_n_2_21_s0.graph,2097152,Jones - Plassman standard(with threadpool),12,5,0.603,20
rgg_n_2_21_s0.graph,2097152,Largest Degree First standard,12,10,0.686,19
rgg_n_2_21_s0.graph,2097152,Smallest Degree Last (sequential weighing),12,10,1.293,19
rgg_n_2_21_s0.graph,2097152,Jones - Plassman standard(with threadpool),12,10,0.602,21
rgg_n_2_21_s0.graph,2097152,Largest Degree First standard,12,100,0.695,19
rgg_n_2_21_s0.graph,2097152,Smallest Degree Last (sequential weighing),12,100,1.313,19
rgg_n_2_21_s0.graph,2097152,Jones - Plassman standard(with threadpool),12,100,0.614,21
rgg_n_2_21_s0.graph,2097152,Largest Degree First standard,20,1,0.713,19
rgg_n_2_21_s0.graph,2097152,Smallest Degree Last (sequential weighing),20,1,1.316,19
rgg_n_2_21_s0.graph,2097152,Jones - Plassman standard(with threadpool),20,1,0.63,20
rgg_n_2_21_s0.graph,2097152,Largest Degree First standard,20,5,0.657,19
rgg_n_2_21_s0.graph,2097152,Smallest Degree Last (sequential weighing),20,5,1.306,19
rgg_n_2_21_s0.graph,2097152,Jones - Plassman standard(with threadpool),20,5,0.599,20
rgg_n_2_21_s0.graph,2097152,Largest Degree First standard,20,10,0.664,19
rgg_n_2_21_s0.graph,2097152,Smallest Degree Last (sequential weighing),20,10,1.285,19
rgg_n_2_21_s0.graph,2097152,Jones - Plassman standard(with threadpool),20,10,0.592,19
rgg_n_2_21_s0.graph,2097152,Largest Degree First standard,20,100,0.773,19
rgg_n_2_21_s0.graph,2097152,Smallest Degree Last (sequential weighing),20,100,1.254,19
rgg_n_2_21_s0.graph,2097152,Jones - Plassman standard(with threadpool),20,100,0.665,21
rgg_n_2_22_s0.graph,4194304,Largest Degree First standard,2,1,2.901,20
rgg_n_2_22_s0.graph,4194304,Smallest Degree Last (sequential weighing),2,1,3.701,20
rgg_n_2_22_s0.graph,4194304,Jones - Plassman standard(with threadpool),2,1,2.538,21
rgg_n_2_22_s0.graph,4194304,Largest Degree First standard,2,5,2.974,20
rgg_n_2_22_s0.graph,4194304,Smallest Degree Last (sequential weighing),2,5,3.611,20
rgg_n_2_22_s0.graph,4194304,Jones - Plassman standard(with threadpool),2,5,2.586,21
rgg_n_2_22_s0.graph,4194304,Largest Degree First standard,2,10,2.935,20
rgg_n_2_22_s0.graph,4194304,Smallest Degree Last (sequential weighing),2,10,3.743,20
rgg_n_2_22_s0.graph,4194304,Jones - Plassman standard(with threadpool),2,10,2.594,22
rgg_n_2_22_s0.graph,4194304,Largest Degree First standard,2,100,3.048,21
rgg_n_2_22_s0.graph,4194304,Smallest Degree Last (sequential weighing),2,100,3.637,20
rgg_n_2_22_s0.graph,4194304,Jones - Plassman standard(with threadpool),2,100,2.686,21
rgg_n_2_22_s0.graph,4194304,Largest Degree First standard,3,1,2.301,20
rgg_n_2_22_s0.graph,4194304,Smallest Degree Last (sequential weighing),3,1,3.267,20
rgg_n_2_22_s0.graph,4194304,Jones - Plassman standard(with threadpool),3,1,2.039,21
rgg_n_2_22_s0.graph,4194304,Largest Degree First standard,3,5,2.327,20
rgg_n_2_22_s0.graph,4194304,Smallest Degree Last (sequential weighing),3,5,3.271,20
rgg_n_2_22_s0.graph,4194304,Jones - Plassman standard(with threadpool),3,5,2.027,22
rgg_n_2_22_s0.graph,4194304,Largest Degree First standard,3,10,2.31,20
rgg_n_2_22_s0.graph,4194304,Smallest Degree Last (sequential weighing),3,10,3.27,20
rgg_n_2_22_s0.graph,4194304,Jones - Plassman standard(with threadpool),3,10,2.022,22
rgg_n_2_22_s0.graph,4194304,Largest Degree First standard,3,100,2.371,20
rgg_n_2_22_s0.graph,4194304,Smallest Degree Last (sequential weighing),3,100,3.357,20
rgg_n_2_22_s0.graph,4194304,Jones - Plassman standard(with threadpool),3,100,2.126,21
rgg_n_2_22_s0.graph,4194304,Largest Degree First standard,5,1,1.838,20
rgg_n_2_22_s0.graph,4194304,Smallest Degree Last (sequential weighing),5,1,2.82,20
rgg_n_2_22_s0.graph,4194304,Jones - Plassman standard(with threadpool),5,1,1.661,21
rgg_n_2_22_s0.graph,4194304,Largest Degree First standard,5,5,1.826,20
rgg_n_2_22_s0.graph,4194304,Smallest Degree Last (sequential weighing),5,5,2.912,20
rgg_n_2_22_s0.graph,4194304,Jones - Plassman standard(with threadpool),5,5,1.742,21
rgg_n_2_22_s0.graph,4194304,Largest Degree First standard,5,10,1.85,20
rgg_n_2_22_s0.graph,4194304,Smallest Degree Last (sequential weighing),5,10,2.891,20
rgg_n_2_22_s0.graph,4194304,Jones - Plassman standard(with threadpool),5,10,1.578,21
rgg_n_2_22_s0.graph,4194304,Largest Degree First standard,5,100,1.781,20
rgg_n_2_22_s0.graph,4194304,Smallest Degree Last (sequential weighing),5,100,2.961,20
rgg_n_2_22_s0.graph,4194304,Jones - Plassman standard(with threadpool),5,100,1.595,21
rgg_n_2_22_s0.graph,4194304,Largest Degree First standard,6,1,1.698,20
rgg_n_2_22_s0.graph,4194304,Smallest Degree Last (sequential weighing),6,1,2.837,20
rgg_n_2_22_s0.graph,4194304,Jones - Plassman standard(with threadpool),6,1,1.536,21
rgg_n_2_22_s0.graph,4194304,Largest Degree First standard,6,5,1.813,21
rgg_n_2_22_s0.graph,4194304,Smallest Degree Last (sequential weighing),6,5,3.08,20
rgg_n_2_22_s0.graph,4194304,Jones - Plassman standard(with threadpool),6,5,1.549,21
rgg_n_2_22_s0.graph,4194304,Largest Degree First standard,6,10,1.756,21
rgg_n_2_22_s0.graph,4194304,Smallest Degree Last (sequential weighing),6,10,3.101,20
rgg_n_2_22_s0.graph,4194304,Jones - Plassman standard(with threadpool),6,10,1.536,23
rgg_n_2_22_s0.graph,4194304,Largest Degree First standard,6,100,1.628,21
rgg_n_2_22_s0.graph,4194304,Smallest Degree Last (sequential weighing),6,100,2.737,21
rgg_n_2_22_s0.graph,4194304,Jones - Plassman standard(with threadpool),6,100,1.453,21
rgg_n_2_22_s0.graph,4194304,Largest Degree First standard,7,1,1.549,21
rgg_n_2_22_s0.graph,4194304,Smallest Degree Last (sequential weighing),7,1,2.593,20
rgg_n_2_22_s0.graph,4194304,Jones - Plassman standard(with threadpool),7,1,1.405,21
rgg_n_2_22_s0.graph,4194304,Largest Degree First standard,7,5,1.533,20
rgg_n_2_22_s0.graph,4194304,Smallest Degree Last (sequential weighing),7,5,2.8,20
rgg_n_2_22_s0.graph,4194304,Jones - Plassman standard(with threadpool),7,5,1.363,22
rgg_n_2_22_s0.graph,4194304,Largest Degree First standard,7,10,1.522,20
rgg_n_2_22_s0.graph,4194304,Smallest Degree Last (sequential weighing),7,10,2.621,20
rgg_n_2_22_s0.graph,4194304,Jones - Plassman standard(with threadpool),7,10,1.536,22
rgg_n_2_22_s0.graph,4194304,Largest Degree First standard,7,100,1.51,20
rgg_n_2_22_s0.graph,4194304,Smallest Degree Last (sequential weighing),7,100,2.779,20
rgg_n_2_22_s0.graph,4194304,Jones - Plassman standard(with threadpool),7,100,1.34,21
rgg_n_2_22_s0.graph,4194304,Largest Degree First standard,8,1,1.447,20
rgg_n_2_22_s0.graph,4194304,Smallest Degree Last (sequential weighing),8,1,2.74,20
rgg_n_2_22_s0.graph,4194304,Jones - Plassman standard(with threadpool),8,1,1.107,22
rgg_n_2_22_s0.graph,4194304,Largest Degree First standard,8,5,1.094,21
rgg_n_2_22_s0.graph,4194304,Smallest Degree Last (sequential weighing),8,5,2.016,20
rgg_n_2_22_s0.graph,4194304,Jones - Plassman standard(with threadpool),8,5,0.967,21
rgg_n_2_22_s0.graph,4194304,Largest Degree First standard,8,10,1.097,20
rgg_n_2_22_s0.graph,4194304,Smallest Degree Last (sequential weighing),8,10,2.055,20
rgg_n_2_22_s0.graph,4194304,Jones - Plassman standard(with threadpool),8,10,0.978,22
rgg_n_2_22_s0.graph,4194304,Largest Degree First standard,8,100,1.103,20
rgg_n_2_22_s0.graph,4194304,Smallest Degree Last (sequential weighing),8,100,2.486,20
rgg_n_2_22_s0.graph,4194304,Jones - Plassman standard(with threadpool),8,100,1.586,21
rgg_n_2_22_s0.graph,4194304,Largest Degree First standard,12,1,1.83,20
rgg_n_2_22_s0.graph,4194304,Smallest Degree Last (sequential weighing),12,1,3.043,20
rgg_n_2_22_s0.graph,4194304,Jones - Plassman standard(with threadpool),12,1,1.541,21
rgg_n_2_22_s0.graph,4194304,Largest Degree First standard,12,5,1.441,20
rgg_n_2_22_s0.graph,4194304,Smallest Degree Last (sequential weighing),12,5,2.384,20
rgg_n_2_22_s0.graph,4194304,Jones - Plassman standard(with threadpool),12,5,1.299,22
rgg_n_2_22_s0.graph,4194304,Largest Degree First standard,12,10,1.414,20
rgg_n_2_22_s0.graph,4194304,Smallest Degree Last (sequential weighing),12,10,2.347,21
rgg_n_2_22_s0.graph,4194304,Jones - Plassman standard(with threadpool),12,10,1.299,21
rgg_n_2_22_s0.graph,4194304,Largest Degree First standard,12,100,1.535,21
rgg_n_2_22_s0.graph,4194304,Smallest Degree Last (sequential weighing),12,100,2.399,20
rgg_n_2_22_s0.graph,4194304,Jones - Plassman standard(with threadpool),12,100,1.269,22
rgg_n_2_22_s0.graph,4194304,Largest Degree First standard,20,1,1.47,20
rgg_n_2_22_s0.graph,4194304,Smallest Degree Last (sequential weighing),20,1,2.383,20
rgg_n_2_22_s0.graph,4194304,Jones - Plassman standard(with threadpool),20,1,1.278,21
rgg_n_2_22_s0.graph,4194304,Largest Degree First standard,20,5,1.428,20
rgg_n_2_22_s0.graph,4194304,Smallest Degree Last (sequential weighing),20,5,2.376,20
rgg_n_2_22_s0.graph,4194304,Jones - Plassman standard(with threadpool),20,5,1.204,21
rgg_n_2_22_s0.graph,4194304,Largest Degree First standard,20,10,1.378,20
rgg_n_2_22_s0.graph,4194304,Smallest Degree Last (sequential weighing),20,10,2.327,20
rgg_n_2_22_s0.graph,4194304,Jones - Plassman standard(with threadpool),20,10,1.21,21
rgg_n_2_22_s0.graph,4194304,Largest Degree First standard,20,100,1.471,20
rgg_n_2_22_s0.graph,4194304,Smallest Degree Last (sequential weighing),20,100,2.337,20
rgg_n_2_22_s0.graph,4194304,Jones - Plassman standard(with threadpool),20,100,1.304,21
rgg_n_2_23_s0.graph,8388608,Largest Degree First standard,2,1,5.606,21
rgg_n_2_23_s0.graph,8388608,Smallest Degree Last (sequential weighing),2,1,7.462,21
rgg_n_2_23_s0.graph,8388608,Jones - Plassman standard(with threadpool),2,1,8.867,23
rgg_n_2_23_s0.graph,8388608,Largest Degree First standard,2,5,9.836,21
rgg_n_2_23_s0.graph,8388608,Smallest Degree Last (sequential weighing),2,5,10.283,22
rgg_n_2_23_s0.graph,8388608,Jones - Plassman standard(with threadpool),2,5,7.37,22
rgg_n_2_23_s0.graph,8388608,Largest Degree First standard,2,10,8.482,21
rgg_n_2_23_s0.graph,8388608,Smallest Degree Last (sequential weighing),2,10,9.702,21
rgg_n_2_23_s0.graph,8388608,Jones - Plassman standard(with threadpool),2,10,7.082,22
rgg_n_2_23_s0.graph,8388608,Largest Degree First standard,2,100,8.037,21
rgg_n_2_23_s0.graph,8388608,Smallest Degree Last (sequential weighing),2,100,9.99,22
rgg_n_2_23_s0.graph,8388608,Jones - Plassman standard(with threadpool),2,100,6.88,22
rgg_n_2_23_s0.graph,8388608,Largest Degree First standard,3,1,6.351,21
rgg_n_2_23_s0.graph,8388608,Smallest Degree Last (sequential weighing),3,1,8.531,21
rgg_n_2_23_s0.graph,8388608,Jones - Plassman standard(with threadpool),3,1,5.631,23
rgg_n_2_23_s0.graph,8388608,Largest Degree First standard,3,5,6.379,21
rgg_n_2_23_s0.graph,8388608,Smallest Degree Last (sequential weighing),3,5,8.607,22
rgg_n_2_23_s0.graph,8388608,Jones - Plassman standard(with threadpool),3,5,5.628,23
rgg_n_2_23_s0.graph,8388608,Largest Degree First standard,3,10,6.281,21
rgg_n_2_23_s0.graph,8388608,Smallest Degree Last (sequential weighing),3,10,8.929,21
rgg_n_2_23_s0.graph,8388608,Jones - Plassman standard(with threadpool),3,10,5.739,23
rgg_n_2_23_s0.graph,8388608,Largest Degree First standard,3,100,6.362,21
rgg_n_2_23_s0.graph,8388608,Smallest Degree Last (sequential weighing),3,100,7.625,21
rgg_n_2_23_s0.graph,8388608,Jones - Plassman standard(with threadpool),3,100,4.408,23
rgg_n_2_23_s0.graph,8388608,Largest Degree First standard,5,1,4.22,21
rgg_n_2_23_s0.graph,8388608,Smallest Degree Last (sequential weighing),5,1,6.17,21
rgg_n_2_23_s0.graph,8388608,Jones - Plassman standard(with threadpool),5,1,3.671,22
rgg_n_2_23_s0.graph,8388608,Largest Degree First standard,5,5,4.341,21
rgg_n_2_23_s0.graph,8388608,Smallest Degree Last (sequential weighing),5,5,6.509,22
rgg_n_2_23_s0.graph,8388608,Jones - Plassman standard(with threadpool),5,5,3.723,22
rgg_n_2_23_s0.graph,8388608,Largest Degree First standard,5,10,4.213,21
rgg_n_2_23_s0.graph,8388608,Smallest Degree Last (sequential weighing),5,10,7.055,22
rgg_n_2_23_s0.graph,8388608,Jones - Plassman standard(with threadpool),5,10,3.592,22
rgg_n_2_23_s0.graph,8388608,Largest Degree First standard,5,100,4.067,22
rgg_n_2_23_s0.graph,8388608,Smallest Degree Last (sequential weighing),5,100,6,22
rgg_n_2_23_s0.graph,8388608,Jones - Plassman standard(with threadpool),5,100,3.652,22
rgg_n_2_23_s0.graph,8388608,Largest Degree First standard,6,1,3.931,22
rgg_n_2_23_s0.graph,8388608,Smallest Degree Last (sequential weighing),6,1,6.299,21
rgg_n_2_23_s0.graph,8388608,Jones - Plassman standard(with threadpool),6,1,3.576,22
rgg_n_2_23_s0.graph,8388608,Largest Degree First standard,6,5,3.778,22
rgg_n_2_23_s0.graph,8388608,Smallest Degree Last (sequential weighing),6,5,5.97,22
rgg_n_2_23_s0.graph,8388608,Jones - Plassman standard(with threadpool),6,5,3.357,24
rgg_n_2_23_s0.graph,8388608,Largest Degree First standard,6,10,4.136,21
rgg_n_2_23_s0.graph,8388608,Smallest Degree Last (sequential weighing),6,10,5.897,21
rgg_n_2_23_s0.graph,8388608,Jones - Plassman standard(with threadpool),6,10,3.32,23
rgg_n_2_23_s0.graph,8388608,Largest Degree First standard,6,100,3.794,21
rgg_n_2_23_s0.graph,8388608,Smallest Degree Last (sequential weighing),6,100,5.913,22
rgg_n_2_23_s0.graph,8388608,Jones - Plassman standard(with threadpool),6,100,3.336,22
rgg_n_2_23_s0.graph,8388608,Largest Degree First standard,7,1,3.86,21
rgg_n_2_23_s0.graph,8388608,Smallest Degree Last (sequential weighing),7,1,6.03,21
rgg_n_2_23_s0.graph,8388608,Jones - Plassman standard(with threadpool),7,1,3.263,22
rgg_n_2_23_s0.graph,8388608,Largest Degree First standard,7,5,3.684,21
rgg_n_2_23_s0.graph,8388608,Smallest Degree Last (sequential weighing),7,5,5.848,22
rgg_n_2_23_s0.graph,8388608,Jones - Plassman standard(with threadpool),7,5,3.231,24
rgg_n_2_23_s0.graph,8388608,Largest Degree First standard,7,10,3.606,21
rgg_n_2_23_s0.graph,8388608,Smallest Degree Last (sequential weighing),7,10,5.772,22
rgg_n_2_23_s0.graph,8388608,Jones - Plassman standard(with threadpool),7,10,3.144,22
rgg_n_2_23_s0.graph,8388608,Largest Degree First standard,7,100,3.575,21
rgg_n_2_23_s0.graph,8388608,Smallest Degree Last (sequential weighing),7,100,5.74,22
rgg_n_2_23_s0.graph,8388608,Jones - Plassman standard(with threadpool),7,100,3.076,22
rgg_n_2_23_s0.graph,8388608,Largest Degree First standard,8,1,3.399,21
rgg_n_2_23_s0.graph,8388608,Smallest Degree Last (sequential weighing),8,1,5.532,22
rgg_n_2_23_s0.graph,8388608,Jones - Plassman standard(with threadpool),8,1,3.426,22
rgg_n_2_23_s0.graph,8388608,Largest Degree First standard,8,5,3.401,21
rgg_n_2_23_s0.graph,8388608,Smallest Degree Last (sequential weighing),8,5,5.679,22
rgg_n_2_23_s0.graph,8388608,Jones - Plassman standard(with threadpool),8,5,2.899,22
rgg_n_2_23_s0.graph,8388608,Largest Degree First standard,8,10,3.296,21
rgg_n_2_23_s0.graph,8388608,Smallest Degree Last (sequential weighing),8,10,5.61,21
rgg_n_2_23_s0.graph,8388608,Jones - Plassman standard(with threadpool),8,10,2.947,24
rgg_n_2_23_s0.graph,8388608,Largest Degree First standard,8,100,3.238,21
rgg_n_2_23_s0.graph,8388608,Smallest Degree Last (sequential weighing),8,100,5.802,22
rgg_n_2_23_s0.graph,8388608,Jones - Plassman standard(with threadpool),8,100,2.955,22
rgg_n_2_23_s0.graph,8388608,Largest Degree First standard,12,1,3.478,21
rgg_n_2_23_s0.graph,8388608,Smallest Degree Last (sequential weighing),12,1,5.606,22
rgg_n_2_23_s0.graph,8388608,Jones - Plassman standard(with threadpool),12,1,3.504,23
rgg_n_2_23_s0.graph,8388608,Largest Degree First standard,12,5,3.681,21
rgg_n_2_23_s0.graph,8388608,Smallest Degree Last (sequential weighing),12,5,5.843,22
rgg_n_2_23_s0.graph,8388608,Jones - Plassman standard(with threadpool),12,5,2.827,24
rgg_n_2_23_s0.graph,8388608,Largest Degree First standard,12,10,3.202,21
rgg_n_2_23_s0.graph,8388608,Smallest Degree Last (sequential weighing),12,10,5.477,21
rgg_n_2_23_s0.graph,8388608,Jones - Plassman standard(with threadpool),12,10,2.762,23
rgg_n_2_23_s0.graph,8388608,Largest Degree First standard,12,100,3.272,21
rgg_n_2_23_s0.graph,8388608,Smallest Degree Last (sequential weighing),12,100,5.656,22
rgg_n_2_23_s0.graph,8388608,Jones - Plassman standard(with threadpool),12,100,2.754,23
rgg_n_2_23_s0.graph,8388608,Largest Degree First standard,20,1,3.312,21
rgg_n_2_23_s0.graph,8388608,Smallest Degree Last (sequential weighing),20,1,5.634,21
rgg_n_2_23_s0.graph,8388608,Jones - Plassman standard(with threadpool),20,1,2.909,22
rgg_n_2_23_s0.graph,8388608,Largest Degree First standard,20,5,3.295,21
rgg_n_2_23_s0.graph,8388608,Smallest Degree Last (sequential weighing),20,5,5.461,22
rgg_n_2_23_s0.graph,8388608,Jones - Plassman standard(with threadpool),20,5,2.75,23
rgg_n_2_23_s0.graph,8388608,Largest Degree First standard,20,10,3.128,21
rgg_n_2_23_s0.graph,8388608,Smallest Degree Last (sequential weighing),20,10,5.551,21
rgg_n_2_23_s0.graph,8388608,Jones - Plassman standard(with threadpool),20,10,2.759,24
rgg_n_2_23_s0.graph,8388608,Largest Degree First standard,20,100,3.217,21
rgg_n_2_23_s0.graph,8388608,Smallest Degree Last (sequential weighing),20,100,5.436,21
rgg_n_2_23_s0.graph,8388608,Jones - Plassman standard(with threadpool),20,100,2.758,24
rgg_n_2_24_s0.graph,16777216,Largest Degree First standard,2,1,13.519,22
rgg_n_2_24_s0.graph,16777216,Smallest Degree Last (sequential weighing),2,1,15.99,22
rgg_n_2_24_s0.graph,16777216,Jones - Plassman standard(with threadpool),2,1,11.711,23
rgg_n_2_24_s0.graph,16777216,Largest Degree First standard,2,5,13.516,22
rgg_n_2_24_s0.graph,16777216,Smallest Degree Last (sequential weighing),2,5,15.92,22
rgg_n_2_24_s0.graph,16777216,Jones - Plassman standard(with threadpool),2,5,11.76,23
rgg_n_2_24_s0.graph,16777216,Largest Degree First standard,2,10,13.422,22
rgg_n_2_24_s0.graph,16777216,Smallest Degree Last (sequential weighing),2,10,15.956,24
rgg_n_2_24_s0.graph,16777216,Jones - Plassman standard(with threadpool),2,10,11.712,24
rgg_n_2_24_s0.graph,16777216,Largest Degree First standard,2,100,13.449,22
rgg_n_2_24_s0.graph,16777216,Smallest Degree Last (sequential weighing),2,100,15.96,22
rgg_n_2_24_s0.graph,16777216,Jones - Plassman standard(with threadpool),2,100,11.622,24
rgg_n_2_24_s0.graph,16777216,Largest Degree First standard,3,1,11.006,22
rgg_n_2_24_s0.graph,16777216,Smallest Degree Last (sequential weighing),3,1,14.26,22
rgg_n_2_24_s0.graph,16777216,Jones - Plassman standard(with threadpool),3,1,9.585,24
rgg_n_2_24_s0.graph,16777216,Largest Degree First standard,3,5,10.845,21
rgg_n_2_24_s0.graph,16777216,Smallest Degree Last (sequential weighing),3,5,15.617,22
rgg_n_2_24_s0.graph,16777216,Jones - Plassman standard(with threadpool),3,5,9.504,26
rgg_n_2_24_s0.graph,16777216,Largest Degree First standard,3,10,10.85,22
rgg_n_2_24_s0.graph,16777216,Smallest Degree Last (sequential weighing),3,10,14.185,22
rgg_n_2_24_s0.graph,16777216,Jones - Plassman standard(with threadpool),3,10,9.488,24
rgg_n_2_24_s0.graph,16777216,Largest Degree First standard,3,100,10.766,22
rgg_n_2_24_s0.graph,16777216,Smallest Degree Last (sequential weighing),3,100,14.011,22
rgg_n_2_24_s0.graph,16777216,Jones - Plassman standard(with threadpool),3,100,9.365,24
rgg_n_2_24_s0.graph,16777216,Largest Degree First standard,5,1,9.187,22
rgg_n_2_24_s0.graph,16777216,Smallest Degree Last (sequential weighing),5,1,13.003,22
rgg_n_2_24_s0.graph,16777216,Jones - Plassman standard(with threadpool),5,1,7.89,23
rgg_n_2_24_s0.graph,16777216,Largest Degree First standard,5,5,9.001,23
rgg_n_2_24_s0.graph,16777216,Smallest Degree Last (sequential weighing),5,5,12.992,22
rgg_n_2_24_s0.graph,16777216,Jones - Plassman standard(with threadpool),5,5,7.849,23
rgg_n_2_24_s0.graph,16777216,Largest Degree First standard,5,10,8.877,22
rgg_n_2_24_s0.graph,16777216,Smallest Degree Last (sequential weighing),5,10,12.818,23
rgg_n_2_24_s0.graph,16777216,Jones - Plassman standard(with threadpool),5,10,7.583,23
rgg_n_2_24_s0.graph,16777216,Largest Degree First standard,5,100,8.772,22
rgg_n_2_24_s0.graph,16777216,Smallest Degree Last (sequential weighing),5,100,12.811,23
rgg_n_2_24_s0.graph,16777216,Jones - Plassman standard(with threadpool),5,100,7.668,24
rgg_n_2_24_s0.graph,16777216,Largest Degree First standard,6,1,8.489,22
rgg_n_2_24_s0.graph,16777216,Smallest Degree Last (sequential weighing),6,1,12.564,22
rgg_n_2_24_s0.graph,16777216,Jones - Plassman standard(with threadpool),6,1,7.4,24
rgg_n_2_24_s0.graph,16777216,Largest Degree First standard,6,5,8.448,23
rgg_n_2_24_s0.graph,16777216,Smallest Degree Last (sequential weighing),6,5,12.638,22
rgg_n_2_24_s0.graph,16777216,Jones - Plassman standard(with threadpool),6,5,7.344,23
rgg_n_2_24_s0.graph,16777216,Largest Degree First standard,6,10,8.311,22
rgg_n_2_24_s0.graph,16777216,Smallest Degree Last (sequential weighing),6,10,12.536,23
rgg_n_2_24_s0.graph,16777216,Jones - Plassman standard(with threadpool),6,10,7.615,24
rgg_n_2_24_s0.graph,16777216,Largest Degree First standard,6,100,8.812,22
rgg_n_2_24_s0.graph,16777216,Smallest Degree Last (sequential weighing),6,100,12.5,22
rgg_n_2_24_s0.graph,16777216,Jones - Plassman standard(with threadpool),6,100,7.129,24
rgg_n_2_24_s0.graph,16777216,Largest Degree First standard,7,1,8.127,22
rgg_n_2_24_s0.graph,16777216,Smallest Degree Last (sequential weighing),7,1,12.45,22
rgg_n_2_24_s0.graph,16777216,Jones - Plassman standard(with threadpool),7,1,7.091,24
rgg_n_2_24_s0.graph,16777216,Largest Degree First standard,7,5,8.077,22
rgg_n_2_24_s0.graph,16777216,Smallest Degree Last (sequential weighing),7,5,12.344,22
rgg_n_2_24_s0.graph,16777216,Jones - Plassman standard(with threadpool),7,5,6.987,23
rgg_n_2_24_s0.graph,16777216,Largest Degree First standard,7,10,7.871,22
rgg_n_2_24_s0.graph,16777216,Smallest Degree Last (sequential weighing),7,10,12.382,22
rgg_n_2_24_s0.graph,16777216,Jones - Plassman standard(with threadpool),7,10,6.818,24
rgg_n_2_24_s0.graph,16777216,Largest Degree First standard,7,100,7.815,22
rgg_n_2_24_s0.graph,16777216,Smallest Degree Last (sequential weighing),7,100,12.329,23
rgg_n_2_24_s0.graph,16777216,Jones - Plassman standard(with threadpool),7,100,6.861,23
rgg_n_2_24_s0.graph,16777216,Largest Degree First standard,8,1,8.079,22
rgg_n_2_24_s0.graph,16777216,Smallest Degree Last (sequential weighing),8,1,10.801,22
rgg_n_2_24_s0.graph,16777216,Jones - Plassman standard(with threadpool),8,1,6.009,23
rgg_n_2_24_s0.graph,16777216,Largest Degree First standard,8,5,6.637,22
rgg_n_2_24_s0.graph,16777216,Smallest Degree Last (sequential weighing),8,5,10.842,22
rgg_n_2_24_s0.graph,16777216,Jones - Plassman standard(with threadpool),8,5,5.995,25
rgg_n_2_24_s0.graph,16777216,Largest Degree First standard,8,10,6.71,22
rgg_n_2_24_s0.graph,16777216,Smallest Degree Last (sequential weighing),8,10,10.773,23
rgg_n_2_24_s0.graph,16777216,Jones - Plassman standard(with threadpool),8,10,5.813,23
rgg_n_2_24_s0.graph,16777216,Largest Degree First standard,8,100,6.763,22
rgg_n_2_24_s0.graph,16777216,Smallest Degree Last (sequential weighing),8,100,10.737,23
rgg_n_2_24_s0.graph,16777216,Jones - Plassman standard(with threadpool),8,100,5.832,24
rgg_n_2_24_s0.graph,16777216,Largest Degree First standard,12,1,6.854,21
rgg_n_2_24_s0.graph,16777216,Smallest Degree Last (sequential weighing),12,1,10.988,22
rgg_n_2_24_s0.graph,16777216,Jones - Plassman standard(with threadpool),12,1,5.975,23
rgg_n_2_24_s0.graph,16777216,Largest Degree First standard,12,5,6.713,22
rgg_n_2_24_s0.graph,16777216,Smallest Degree Last (sequential weighing),12,5,10.948,22
rgg_n_2_24_s0.graph,16777216,Jones - Plassman standard(with threadpool),12,5,6.188,24
rgg_n_2_24_s0.graph,16777216,Largest Degree First standard,12,10,7.746,21
rgg_n_2_24_s0.graph,16777216,Smallest Degree Last (sequential weighing),12,10,10.858,23
rgg_n_2_24_s0.graph,16777216,Jones - Plassman standard(with threadpool),12,10,5.823,23
rgg_n_2_24_s0.graph,16777216,Largest Degree First standard,12,100,6.731,22
rgg_n_2_24_s0.graph,16777216,Smallest Degree Last (sequential weighing),12,100,10.958,23
rgg_n_2_24_s0.graph,16777216,Jones - Plassman standard(with threadpool),12,100,5.857,24
rgg_n_2_24_s0.graph,16777216,Largest Degree First standard,20,1,6.84,22
rgg_n_2_24_s0.graph,16777216,Smallest Degree Last (sequential weighing),20,1,10.882,23
rgg_n_2_24_s0.graph,16777216,Jones - Plassman standard(with threadpool),20,1,5.944,24
rgg_n_2_24_s0.graph,16777216,Largest Degree First standard,20,5,6.698,22
rgg_n_2_24_s0.graph,16777216,Smallest Degree Last (sequential weighing),20,5,10.805,22
rgg_n_2_24_s0.graph,16777216,Jones - Plassman standard(with threadpool),20,5,6.133,24
rgg_n_2_24_s0.graph,16777216,Largest Degree First standard,20,10,6.688,22
rgg_n_2_24_s0.graph,16777216,Smallest Degree Last (sequential weighing),20,10,10.678,22
rgg_n_2_24_s0.graph,16777216,Jones - Plassman standard(with threadpool),20,10,5.815,24
rgg_n_2_24_s0.graph,16777216,Largest Degree First standard,20,100,6.719,22
rgg_n_2_24_s0.graph,16777216,Smallest Degree Last (sequential weighing),20,100,10.878,23
rgg_n_2_24_s0.graph,16777216,Jones - Plassman standard(with threadpool),20,100,5.821,23
best results: n_thread= 8 coef= 10
Run performed on DELL XPS
